user_id,rest_id,rating,date
0,0,2.0,1505988408
1,0,4.0,1411743237
2,0,3.0,1475782784
3,0,1.0,1457795257
4,0,4.0,1510922191
5,0,4.0,1390820621
6,0,5.0,1528444052
7,0,4.0,1549635641
8,0,2.0,1403796527
9,0,3.0,1418755174
10,0,1.0,1488817767
11,0,1.0,1489238720
12,0,1.0,1387019961
13,1,4.0,1438097730
14,1,5.0,1451908731
15,1,4.0,1382784531
16,1,4.0,1382851278
17,1,1.0,1470386044
18,1,1.0,1507466188
19,1,1.0,1408166362
20,1,1.0,1487422380
21,1,2.0,1398521244
22,1,4.0,1435721814
23,1,1.0,1551559392
24,1,2.0,1536394112
24,1,1.0,1565328327
25,2,4.0,1522823792
26,2,1.0,1525130336
27,2,2.0,1446228164
28,2,3.0,1459678565
29,2,1.0,1516377076
30,2,2.0,1527111066
31,2,3.0,1521366847
32,2,1.0,1443873291
33,2,1.0,1543760967
34,2,1.0,1574684901
35,2,4.0,1522671206
36,2,3.0,1561925708
37,2,4.0,1499542767
38,2,4.0,1513064611
39,2,2.0,1548578686
40,2,4.0,1548785293
41,2,4.0,1533033274
42,2,4.0,1557573305
43,2,3.0,1501949864
44,2,4.0,1456312893
45,2,1.0,1533519619
46,2,3.0,1484254236
47,2,4.0,1518332114
48,2,4.0,1551430902
49,2,5.0,1543511917
50,3,3.0,1462555441
51,3,5.0,1386428613
52,3,2.0,1434888535
53,3,1.0,1450696881
54,3,4.0,1531042330
55,3,3.0,1462723148
56,3,1.0,1488693590
57,3,3.0,1401275484
58,3,3.0,1473245851
59,3,1.0,1467384772
60,3,2.0,1476701702
61,3,5.0,1496101041
62,3,4.0,1412140887
63,3,5.0,1486971824
64,3,4.0,1413286818
65,3,2.0,1381544081
66,3,3.0,1453497644
67,3,3.0,1537468872
68,3,3.0,1501149562
69,3,2.0,1324749213
70,3,1.0,1313588072
71,3,5.0,1413690833
72,3,2.0,1370688359
73,3,5.0,1455800366
74,3,5.0,1480518536
75,3,2.0,1351362205
76,3,2.0,1293265661
77,3,5.0,1404879846
78,3,1.0,1439639027
79,3,1.0,1488104383
80,3,2.0,1533140063
81,3,3.0,1477424058
82,3,1.0,1525773168
83,3,3.0,1259835227
84,3,3.0,1502048785
79,3,1.0,1489246531
85,3,1.0,1464547615
86,3,2.0,1487433027
87,3,1.0,1460963745
88,3,3.0,1402141085
89,3,1.0,1407626611
90,3,1.0,1399907516
91,3,1.0,1499082534
92,3,1.0,1422781546
93,3,5.0,1543537622
94,3,3.0,1432728766
95,3,3.0,1378141293
96,3,5.0,1455783073
97,3,2.0,1533146841
98,3,1.0,1453831182
99,4,4.0,1340724493
100,4,1.0,1413112534
101,4,4.0,1359463762
102,4,5.0,1342598134
103,4,3.0,1365851688
104,4,4.0,1347867737
105,4,5.0,1307773472
106,4,2.0,1384893220
107,4,1.0,1352745801
108,4,4.0,1372406653
109,4,2.0,1385643382
110,4,2.0,1380124460
111,4,3.0,1313951709
112,4,5.0,1355636395
113,4,5.0,1308633081
114,4,4.0,1376231125
115,4,4.0,1337496540
116,4,2.0,1325343432
117,4,5.0,1309195804
118,4,2.0,1316891064
119,5,3.0,1426675628
120,5,3.0,1458225272
121,5,1.0,1443269654
122,5,1.0,1470384828
123,5,3.0,1307162895
124,5,4.0,1362345502
125,5,2.0,1376063549
126,5,3.0,1331084938
127,5,3.0,1448381820
128,5,2.0,1428497998
129,5,1.0,1385462071
130,5,3.0,1271830543
131,5,2.0,1247410721
132,5,4.0,1416580994
133,5,4.0,1428913052
134,5,3.0,1327467243
135,5,5.0,1429717418
136,5,1.0,1425316721
137,5,4.0,1390769604
138,5,2.0,1458916408
139,5,1.0,1463408286
140,5,1.0,1299953692
141,6,5.0,1460378313
142,6,5.0,1475394612
143,6,5.0,1456593981
144,6,5.0,1521542016
145,6,5.0,1499074678
146,6,5.0,1488226417
147,6,4.0,1461951741
148,6,5.0,1528016662
149,6,5.0,1468044122
150,6,4.0,1520628337
151,6,4.0,1474038159
152,6,1.0,1474721655
153,6,5.0,1468164384
154,6,1.0,1509895330
155,6,1.0,1541855486
156,7,5.0,1539660155
157,7,4.0,1549620835
158,7,3.0,1546083707
159,7,5.0,1548245555
160,7,1.0,1547539333
161,7,4.0,1548781099
162,7,4.0,1549124208
163,7,5.0,1541060299
164,7,4.0,1550595393
165,7,5.0,1542014528
159,7,4.0,1548158209
166,7,3.0,1541336021
167,7,1.0,1553586756
168,7,5.0,1542014050
169,7,4.0,1546682236
170,7,5.0,1542014462
171,7,4.0,1540053496
172,7,5.0,1538997230
173,7,4.0,1549090322
174,7,5.0,1541528192
175,7,4.0,1549258293
176,7,3.0,1542832892
177,7,4.0,1548921041
178,8,4.0,1529655191
179,8,5.0,1513596784
180,8,5.0,1501699205
181,8,5.0,1513934771
182,8,4.0,1535375373
183,8,5.0,1525749334
184,8,3.0,1523625504
185,8,5.0,1505651741
186,8,5.0,1543502635
187,8,1.0,1502026488
188,8,5.0,1553146523
189,8,4.0,1542476183
190,8,5.0,1526704174
191,8,5.0,1540317205
192,8,3.0,1564134416
12,8,5.0,1567936816
193,8,3.0,1546195189
194,8,5.0,1525510344
195,8,5.0,1570455783
196,8,2.0,1566720467
197,9,5.0,1388230509
198,9,3.0,1494650098
199,9,3.0,1527592107
155,9,3.0,1500458079
200,9,3.0,1523004840
201,9,4.0,1420632621
202,9,4.0,1504261251
203,9,2.0,1479987647
204,9,2.0,1468834644
205,9,4.0,1467872935
206,9,4.0,1450008903
207,9,5.0,1415162659
208,9,4.0,1457723198
209,9,3.0,1432219037
210,9,5.0,1501776552
211,9,2.0,1409748600
212,9,2.0,1461851049
213,9,4.0,1420277179
214,9,5.0,1425118640
215,9,2.0,1415700921
216,9,4.0,1405079512
217,9,4.0,1512664563
218,9,4.0,1380302802
219,9,4.0,1541075636
220,9,3.0,1550670774
221,9,5.0,1550580554
222,9,1.0,1403507324
223,9,4.0,1470688044
224,9,5.0,1506968646
225,10,5.0,1468511636
226,10,5.0,1500368754
227,10,3.0,1488544226
228,10,3.0,1450654955
229,10,5.0,1499532190
230,10,4.0,1513580844
231,10,4.0,1488566648
232,10,4.0,1435941198
233,10,5.0,1411786309
234,10,5.0,1476374106
235,10,4.0,1441907277
236,10,4.0,1431522811
237,10,3.0,1422957349
238,10,3.0,1516563218
239,10,5.0,1492768387
240,10,5.0,1402649920
241,10,4.0,1535953362
242,10,5.0,1476432535
243,10,1.0,1466745204
244,10,4.0,1504978738
245,10,5.0,1483547077
246,10,5.0,1429250171
247,10,4.0,1398102608
248,10,4.0,1432894556
249,10,5.0,1453150164
250,10,5.0,1514628932
251,10,5.0,1430502335
252,10,5.0,1469539568
253,10,5.0,1431624778
254,10,5.0,1508014800
255,10,5.0,1462730602
256,10,4.0,1476557665
257,10,4.0,1492838664
258,10,5.0,1489829294
259,10,3.0,1505234971
260,10,5.0,1470386768
261,10,5.0,1422171588
262,10,5.0,1405603405
263,10,3.0,1437300463
264,10,5.0,1423203652
265,10,5.0,1412129899
266,10,5.0,1508003502
267,10,5.0,1449923763
268,10,5.0,1474468529
269,10,5.0,1465196355
270,10,4.0,1404287960
271,10,3.0,1530428861
272,10,5.0,1408040207
240,10,5.0,1402825584
273,10,5.0,1433187661
274,11,2.0,1430221418
275,11,3.0,1475435576
276,11,1.0,1487858382
277,11,2.0,1436213084
278,11,4.0,1429597572
279,11,4.0,1448258824
280,11,4.0,1440418588
281,11,4.0,1493044817
282,11,3.0,1427126885
283,11,3.0,1489213128
284,11,1.0,1429627279
285,11,3.0,1484841113
286,11,2.0,1427143016
287,11,3.0,1508669289
288,11,3.0,1442645803
289,11,5.0,1520708892
290,11,4.0,1483101325
291,11,5.0,1543766800
282,11,5.0,1533644434
292,11,1.0,1516121456
293,11,1.0,1501432677
294,11,4.0,1512145747
295,11,3.0,1451683804
296,11,4.0,1534822057
297,11,1.0,1520090000
291,11,4.0,1549780798
298,11,4.0,1467463597
299,11,5.0,1512065108
300,11,5.0,1569344376
299,11,3.0,1512567690
301,11,1.0,1472663312
302,11,4.0,1537550975
303,12,2.0,1388291056
304,12,4.0,1394819075
305,12,4.0,1306642061
306,12,5.0,1278778915
307,12,1.0,1391780821
308,12,5.0,1323690200
309,12,4.0,1326015137
310,12,5.0,1359720518
311,12,1.0,1388242208
312,12,5.0,1238127606
313,12,4.0,1326043193
314,12,5.0,1317709882
315,12,1.0,1324246140
316,12,5.0,1296020932
317,12,4.0,1318007286
318,12,4.0,1374746962
319,12,4.0,1374729397
320,12,4.0,1329412758
321,12,5.0,1284623030
322,12,5.0,1363366495
323,12,4.0,1356714856
324,12,5.0,1303323845
325,12,4.0,1337672386
326,12,3.0,1373509917
327,12,4.0,1373134095
328,12,4.0,1282288112
329,12,4.0,1296623353
330,12,5.0,1410952696
331,13,5.0,1506877989
332,13,5.0,1438047406
333,13,4.0,1496759217
334,13,4.0,1487508262
335,13,4.0,1393166338
336,13,3.0,1380901822
281,13,4.0,1411799881
337,13,2.0,1455282630
338,13,5.0,1366116611
339,13,4.0,1479836622
340,13,4.0,1487695430
341,13,5.0,1450802361
342,13,5.0,1537985383
343,13,5.0,1437117300
344,13,3.0,1511029240
345,13,5.0,1386523237
346,13,5.0,1500524300
347,13,2.0,1512405695
348,13,4.0,1484594294
349,13,5.0,1498722895
350,13,4.0,1449656964
351,13,3.0,1435133419
352,13,4.0,1521952960
353,13,1.0,1448027260
354,13,4.0,1429203663
355,13,1.0,1461483439
356,13,4.0,1436194207
357,13,4.0,1529474399
358,13,2.0,1504037533
359,13,4.0,1425970492
360,13,1.0,1470420532
361,13,4.0,1442334744
362,13,4.0,1376844972
363,13,2.0,1470589823
364,13,4.0,1479053195
365,13,1.0,1458332697
366,13,3.0,1483617802
367,13,4.0,1441099337
368,13,4.0,1473526939
97,13,5.0,1531142269
369,13,4.0,1445413986
370,13,4.0,1491829698
371,13,4.0,1425829505
372,13,4.0,1423309128
373,13,5.0,1408048240
374,13,5.0,1339328579
375,13,4.0,1411029409
376,13,1.0,1456542373
377,13,4.0,1500783821
378,13,4.0,1432042587
379,14,1.0,1527512172
380,14,1.0,1450681125
381,14,1.0,1477589585
382,14,1.0,1426144311
383,14,1.0,1412254424
384,14,1.0,1478156981
385,14,1.0,1412413212
386,14,4.0,1408802428
387,14,1.0,1468834994
388,14,1.0,1419598929
389,14,2.0,1498485814
390,14,1.0,1451421700
391,14,2.0,1438138449
392,14,1.0,1527435162
393,14,4.0,1412356105
394,14,5.0,1520100945
395,15,1.0,1549114368
396,15,3.0,1553256500
397,15,1.0,1545572982
398,15,5.0,1546164373
399,15,5.0,1549649506
400,15,1.0,1558871024
401,15,4.0,1548346332
402,15,5.0,1563211420
403,15,4.0,1550679302
404,15,2.0,1550242722
405,15,5.0,1553187182
406,15,4.0,1548084054
407,15,5.0,1554395776
408,15,5.0,1553547540
409,15,4.0,1550514785
410,15,5.0,1549548453
411,15,5.0,1549448279
412,15,1.0,1545334626
413,15,4.0,1559994826
414,15,1.0,1549050715
415,15,5.0,1561025833
416,15,1.0,1567192957
417,15,5.0,1551079662
418,15,1.0,1555781155
419,15,5.0,1563211952
420,15,1.0,1556022578
421,15,5.0,1563685704
422,15,5.0,1563050590
423,15,2.0,1553364014
424,15,4.0,1551006165
425,15,5.0,1559946137
426,15,5.0,1545461290
427,15,2.0,1551822515
428,15,4.0,1550438136
429,15,2.0,1550214627
430,15,2.0,1551177976
431,15,3.0,1550832293
432,15,5.0,1552843859
433,15,5.0,1546110521
434,15,1.0,1564848786
435,15,5.0,1574625795
422,15,5.0,1548099203
436,15,5.0,1545658487
437,15,5.0,1566759178
438,15,4.0,1574158579
439,15,1.0,1561221795
440,15,1.0,1563102929
441,15,5.0,1553617921
442,15,5.0,1551973119
443,15,5.0,1559412967
444,16,2.0,1535026763
445,16,5.0,1531168240
446,16,5.0,1531431372
447,16,5.0,1527195477
448,16,5.0,1520789138
449,16,4.0,1518256734
450,16,5.0,1515168073
451,16,5.0,1524985043
452,16,3.0,1531914469
453,16,5.0,1549779484
454,16,5.0,1544975473
455,16,5.0,1550090800
456,16,5.0,1567357615
457,17,1.0,1439979281
458,17,1.0,1424774201
459,17,5.0,1447952343
460,17,5.0,1448046860
461,17,2.0,1362131611
462,17,3.0,1330939070
463,17,3.0,1357293374
464,17,3.0,1303925254
465,17,4.0,1383115072
466,17,5.0,1429946774
467,17,4.0,1429530777
468,17,5.0,1346047686
469,17,5.0,1315986221
470,17,4.0,1268304444
471,17,2.0,1452794557
472,17,1.0,1316756417
473,18,4.0,1521116062
474,18,5.0,1513436763
475,18,4.0,1510000141
476,18,5.0,1509999968
477,18,5.0,1515781262
478,18,2.0,1509021653
479,18,5.0,1510179532
480,18,5.0,1509995849
481,18,5.0,1509168574
482,18,4.0,1513627362
483,18,1.0,1528575494
484,18,5.0,1507996248
485,18,4.0,1509261836
486,18,3.0,1514741785
487,18,4.0,1512645378
488,18,1.0,1514804478
489,18,5.0,1519661730
490,18,5.0,1521456828
491,18,5.0,1509405847
492,18,5.0,1510323335
493,18,4.0,1517853937
494,18,1.0,1512843681
495,18,4.0,1527085848
496,18,5.0,1512777638
497,18,5.0,1512698772
498,18,5.0,1518610918
495,18,4.0,1519724380
499,18,5.0,1511282601
500,18,5.0,1510581632
501,18,5.0,1527230534
502,18,5.0,1509711304
503,18,5.0,1513954065
504,18,5.0,1509393970
505,18,1.0,1517081512
506,18,4.0,1525516798
507,18,5.0,1523439547
508,18,5.0,1509825718
509,18,5.0,1509653514
510,18,5.0,1512897962
511,18,1.0,1514063046
512,18,5.0,1513335702
513,18,5.0,1524246793
514,18,5.0,1509540950
515,18,3.0,1523641176
516,18,3.0,1529519643
517,18,1.0,1514562476
518,18,4.0,1539531061
519,18,3.0,1519812675
520,18,5.0,1508498014
493,18,5.0,1519377455
521,19,4.0,1335775628
522,19,3.0,1336076348
523,19,1.0,1341033129
524,19,3.0,1342704600
525,19,2.0,1364166365
526,19,4.0,1368382493
527,19,5.0,1331211115
528,19,5.0,1336479394
529,19,1.0,1350726892
530,19,4.0,1334251520
531,19,1.0,1345853708
532,19,2.0,1343568626
533,19,4.0,1351412865
534,19,1.0,1349008171
535,19,1.0,1353850440
536,19,1.0,1371213905
537,19,2.0,1335033649
538,19,5.0,1369598575
539,19,2.0,1344859650
540,19,4.0,1347117412
541,20,3.0,1429451675
542,20,1.0,1526930376
543,20,5.0,1480141293
544,20,2.0,1447265635
545,20,5.0,1414935948
2,20,5.0,1425074004
546,20,1.0,1425197994
547,20,4.0,1515473224
548,20,5.0,1567865910
42,20,3.0,1562556774
549,20,5.0,1478761810
550,20,4.0,1517129135
551,20,5.0,1534350831
552,20,5.0,1518100674
553,20,5.0,1564215598
554,20,4.0,1462047547
555,20,4.0,1548756711
556,20,4.0,1478517179
557,20,5.0,1558007256
302,20,4.0,1567234242
558,20,5.0,1534688197
38,20,4.0,1479653197
559,20,5.0,1536481362
560,20,5.0,1541222680
561,20,5.0,1550503330
562,20,2.0,1567755475
563,20,5.0,1471208504
564,20,5.0,1535271340
565,21,4.0,1537087472
566,21,5.0,1529845297
567,21,5.0,1529724127
568,21,5.0,1532980054
569,21,5.0,1529182401
570,21,4.0,1539409657
571,21,3.0,1538817960
572,21,3.0,1546258872
573,21,5.0,1533906960
574,21,5.0,1540532653
575,21,5.0,1543234461
576,21,5.0,1533462850
577,21,2.0,1551491322
578,21,1.0,1543769218
579,21,4.0,1561034564
580,21,5.0,1550480377
581,21,4.0,1535894560
582,21,5.0,1547565673
583,21,3.0,1538639236
584,21,5.0,1538337786
585,21,5.0,1533394222
586,21,3.0,1550946368
587,21,5.0,1544186751
588,21,5.0,1544261517
589,21,4.0,1547826132
590,21,5.0,1543590855
591,21,5.0,1563156331
592,21,4.0,1556347887
593,21,5.0,1575487384
594,21,5.0,1531291654
595,21,4.0,1567970280
596,21,3.0,1567654497
597,21,4.0,1569256948
598,21,5.0,1557303511
599,21,5.0,1543472725
600,21,3.0,1574941201
601,21,4.0,1552547015
602,22,3.0,1117052623
603,22,4.0,1303408544
604,22,2.0,1237209943
605,22,2.0,1264337821
606,22,2.0,1283343604
607,22,3.0,1244578572
608,22,2.0,1323698561
609,22,5.0,1313224765
610,22,4.0,1203073824
611,22,4.0,1171715658
612,22,3.0,1172790153
613,22,3.0,1288563629
614,22,3.0,1319382917
615,22,5.0,1291647305
616,22,3.0,1309262663
617,22,3.0,1177505649
618,22,5.0,1242046270
619,22,3.0,1234515696
620,22,4.0,1320426493
621,23,5.0,1450622026
622,23,4.0,1502106475
623,23,4.0,1523765771
624,23,3.0,1414350079
625,23,3.0,1413033895
626,23,2.0,1361464356
627,23,1.0,1531815397
628,23,4.0,1438958451
629,23,2.0,1382608200
630,23,2.0,1497705127
631,23,3.0,1268508998
632,23,3.0,1417446111
633,23,4.0,1408988335
634,23,4.0,1352346284
635,23,5.0,1495873990
556,23,4.0,1482179593
636,23,4.0,1532929597
637,23,5.0,1378114203
638,23,5.0,1494748156
639,23,3.0,1455451640
640,23,5.0,1418913992
274,23,1.0,1504077699
641,23,5.0,1398101920
642,23,5.0,1446823934
643,23,4.0,1382783079
644,23,4.0,1369909396
645,23,5.0,1535195740
646,23,4.0,1532757846
647,23,4.0,1312733813
648,23,3.0,1507024075
649,23,5.0,1345203426
650,23,5.0,1426864996
651,23,1.0,1493748342
652,23,4.0,1322825322
653,23,1.0,1402655048
654,23,5.0,1440247892
655,23,3.0,1338754224
656,23,5.0,1310126800
657,23,4.0,1451128435
658,23,4.0,1433873062
659,23,3.0,1487602490
660,23,5.0,1496053640
661,23,4.0,1444409516
662,23,1.0,1513660006
663,23,4.0,1350821238
664,23,3.0,1538163275
665,23,4.0,1368716896
666,23,4.0,1287695997
667,23,4.0,1357737166
668,23,5.0,1438528685
0,0,2.0,1505988408
1,0,4.0,1411743237
2,0,3.0,1475782784
3,0,1.0,1457795257
4,0,4.0,1510922191
5,0,4.0,1390820621
6,0,5.0,1528444052
7,0,4.0,1549635641
8,0,2.0,1403796527
9,0,3.0,1418755174
10,0,1.0,1488817767
11,0,1.0,1489238720
12,0,1.0,1387019961
669,25,5.0,1530994016
670,25,4.0,1522942142
671,25,1.0,1511087013
575,25,3.0,1502441794
672,25,5.0,1499669312
673,25,4.0,1505376560
573,25,4.0,1505150513
674,25,4.0,1467040016
675,25,4.0,1505369909
676,25,3.0,1524309231
677,25,4.0,1465974504
678,25,1.0,1497335528
679,25,4.0,1476973022
680,25,4.0,1518992601
681,25,4.0,1486227876
682,25,4.0,1462339451
683,25,5.0,1533286419
684,25,3.0,1482418554
685,25,2.0,1468837570
686,25,2.0,1510989487
687,25,1.0,1550341006
688,25,1.0,1471236956
689,25,5.0,1551702253
690,25,2.0,1470816695
691,25,5.0,1467747959
692,25,4.0,1524819073
693,25,4.0,1536689512
694,25,1.0,1476421903
695,25,1.0,1458163622
696,25,5.0,1541519513
697,25,5.0,1455536278
698,25,5.0,1470393058
699,25,2.0,1532549784
700,25,5.0,1542551918
701,25,5.0,1567954790
702,25,3.0,1534169211
703,25,3.0,1572207903
704,25,1.0,1571061787
705,25,3.0,1567919723
706,26,5.0,1493492850
707,26,4.0,1476376687
708,26,4.0,1529414960
709,26,3.0,1498635049
710,26,5.0,1480875159
711,26,4.0,1489649480
712,26,1.0,1525792992
713,26,3.0,1492712730
714,26,5.0,1512317127
715,26,1.0,1520263621
716,26,5.0,1513611977
713,26,5.0,1491740874
717,26,5.0,1474550150
718,26,4.0,1462727885
719,26,2.0,1526053318
212,26,2.0,1489000622
720,26,4.0,1525968236
721,26,4.0,1480245844
722,26,4.0,1517663004
720,26,4.0,1509110223
723,26,4.0,1500745300
724,26,3.0,1494063113
725,26,4.0,1502563890
726,26,1.0,1522125317
727,26,4.0,1504519324
728,26,5.0,1499068600
729,26,4.0,1493471220
730,26,5.0,1511622325
731,26,5.0,1468255609
732,26,5.0,1475941841
733,26,4.0,1503507501
734,26,5.0,1511773572
735,26,4.0,1530531796
736,26,4.0,1502097899
737,26,3.0,1548586399
738,26,3.0,1501060301
739,26,4.0,1525887302
740,26,3.0,1486465963
719,26,2.0,1525617525
741,26,5.0,1460739575
742,26,4.0,1510150894
743,26,3.0,1522781527
744,26,4.0,1480409840
745,26,1.0,1539951151
720,26,4.0,1530546859
746,26,4.0,1460317265
747,26,5.0,1522331752
748,26,4.0,1501060151
749,27,5.0,1462270479
750,27,5.0,1445061917
751,27,4.0,1473163843
752,27,4.0,1483517190
50,27,3.0,1512302767
753,27,5.0,1436139900
754,27,5.0,1432754423
755,27,4.0,1428271429
756,27,4.0,1502304434
757,27,2.0,1521273150
758,27,5.0,1535316937
759,27,4.0,1444423844
760,27,4.0,1460757076
761,27,4.0,1476782993
762,27,5.0,1479186661
763,27,5.0,1487073561
764,27,3.0,1486974686
765,27,3.0,1462925983
766,27,4.0,1466198666
767,27,5.0,1446315073
768,27,4.0,1496063375
769,27,4.0,1487940124
770,27,5.0,1452436146
771,27,5.0,1451413377
772,27,5.0,1441615408
773,27,4.0,1520850248
774,27,5.0,1451662450
775,27,5.0,1453568950
776,27,5.0,1520517190
777,27,5.0,1471712874
778,27,5.0,1472986553
779,27,5.0,1473012263
780,27,5.0,1480848169
781,27,4.0,1531726842
782,27,5.0,1453911538
783,27,5.0,1453980764
784,27,5.0,1509818549
785,27,4.0,1492196499
786,27,5.0,1504072332
787,27,5.0,1534920073
788,27,4.0,1452892591
789,27,5.0,1541969848
790,27,1.0,1565542510
791,27,5.0,1570373587
792,27,1.0,1519227180
793,27,4.0,1562186061
794,28,1.0,1403883978
795,28,1.0,1503928262
796,28,5.0,1439926305
797,28,4.0,1406522454
798,28,4.0,1459359387
799,28,5.0,1454155252
800,28,3.0,1410333089
801,28,1.0,1450724976
802,28,2.0,1445615828
803,28,5.0,1373808778
804,28,5.0,1380386969
805,28,5.0,1518345076
806,28,1.0,1535153416
807,28,1.0,1391795505
808,28,1.0,1521972570
809,28,1.0,1416129723
810,28,5.0,1418844688
811,28,3.0,1438951223
812,28,5.0,1505908515
794,28,5.0,1402658261
813,28,5.0,1437136384
814,28,5.0,1507918137
815,28,4.0,1424142947
816,28,4.0,1368036591
817,28,1.0,1461525407
794,28,5.0,1381225423
818,28,4.0,1437139259
819,28,4.0,1482437457
820,28,4.0,1421764656
821,28,2.0,1465744891
822,28,4.0,1497728637
823,28,5.0,1448082417
824,28,2.0,1455468177
825,28,2.0,1454257886
826,28,3.0,1449472188
827,28,4.0,1399789981
828,28,1.0,1430600375
533,28,3.0,1435387020
812,28,5.0,1515578567
829,28,5.0,1406702799
830,28,1.0,1390246089
831,28,1.0,1444480235
832,28,4.0,1423141382
833,28,1.0,1409142847
834,28,5.0,1487752874
835,28,3.0,1516728326
836,28,4.0,1506253580
837,28,4.0,1433181091
838,28,2.0,1438278238
839,28,1.0,1413484829
840,29,3.0,1354611157
841,29,1.0,1432628776
842,29,2.0,1434956998
843,29,4.0,1349769235
844,29,4.0,1328254632
845,29,1.0,1415956634
846,29,4.0,1520243551
847,29,1.0,1492676464
848,29,5.0,1350159043
849,29,5.0,1325914122
850,29,4.0,1357705554
851,29,2.0,1468833015
852,29,3.0,1466230619
853,29,4.0,1417630680
854,29,5.0,1378987026
855,29,4.0,1383289721
856,29,5.0,1326701391
857,29,5.0,1537515217
858,29,5.0,1374560562
859,29,4.0,1334588654
860,29,4.0,1455710732
861,29,5.0,1516175109
862,29,3.0,1469883587
863,29,5.0,1320668434
864,29,5.0,1334370124
865,29,3.0,1448532613
866,29,4.0,1329415612
867,29,4.0,1376107131
868,29,3.0,1453880941
869,29,5.0,1368777458
870,29,3.0,1489479350
871,29,4.0,1324484484
872,29,4.0,1437984038
873,29,3.0,1463116785
840,29,2.0,1427698208
874,29,4.0,1360901167
875,29,1.0,1479462075
876,29,4.0,1407251262
877,29,2.0,1337144106
878,29,5.0,1343797649
879,29,4.0,1486563715
880,29,5.0,1371464847
881,29,1.0,1410922284
882,29,5.0,1434547873
883,29,2.0,1354532067
884,29,3.0,1410249925
843,29,3.0,1433566462
885,29,1.0,1371717183
886,29,5.0,1471963982
887,29,1.0,1415695026
888,30,1.0,1402494068
889,30,3.0,1483331508
890,30,3.0,1490644276
891,30,1.0,1432658307
892,30,5.0,1408955408
893,30,3.0,1528568754
894,30,2.0,1405255156
895,30,5.0,1440229327
896,30,1.0,1487597468
897,30,4.0,1482239577
898,30,4.0,1470305595
899,30,1.0,1377946368
900,30,2.0,1399468690
901,30,3.0,1450934199
902,30,3.0,1394878733
903,30,1.0,1515572653
904,30,5.0,1435041270
905,30,2.0,1263836182
906,30,3.0,1375767983
907,30,4.0,1529487725
908,30,1.0,1448214569
909,30,4.0,1489595054
910,30,5.0,1388589148
911,30,1.0,1432748666
912,30,4.0,1220115517
913,30,2.0,1428004323
914,30,4.0,1411921830
915,30,2.0,1264400438
916,30,1.0,1475473664
917,30,5.0,1509288066
918,30,5.0,1506240641
919,30,5.0,1425648234
920,30,5.0,1463754059
921,30,1.0,1424891459
922,30,3.0,1410591523
923,30,1.0,1413232244
924,30,5.0,1359812379
925,30,3.0,1497876776
926,30,3.0,1480389190
927,30,5.0,1489908671
928,30,3.0,1393412338
929,30,1.0,1457526805
930,30,1.0,1424417651
931,30,1.0,1357480550
932,30,2.0,1304176225
933,30,1.0,1338899318
934,30,1.0,1430593033
935,30,3.0,1338775513
936,30,5.0,1463931652
937,30,5.0,1502437698
938,31,5.0,1401216478
939,31,5.0,1394907820
940,31,1.0,1405353525
941,31,4.0,1396345413
942,31,4.0,1396485823
943,31,4.0,1402512427
944,31,4.0,1393610562
945,31,3.0,1404030566
946,31,5.0,1393611476
947,31,5.0,1396609204
948,31,4.0,1402774744
949,31,4.0,1398598651
950,31,5.0,1401309470
951,31,3.0,1402760890
952,31,5.0,1396731018
953,31,4.0,1399978637
954,31,5.0,1403032770
955,31,5.0,1395077813
956,31,3.0,1396942794
957,31,5.0,1394136476
958,31,4.0,1396894743
959,31,4.0,1397149713
960,31,5.0,1397041618
961,31,4.0,1401796172
512,31,3.0,1396942502
962,31,5.0,1395919865
963,31,4.0,1394348967
964,31,4.0,1400350846
965,31,1.0,1405010043
966,31,2.0,1402927745
967,31,5.0,1394306156
968,31,5.0,1392841725
969,31,5.0,1394725898
970,31,5.0,1402424173
971,31,5.0,1395917635
972,31,5.0,1403544229
973,31,5.0,1395853377
974,31,5.0,1396458482
975,31,3.0,1397548294
976,31,4.0,1404409375
977,31,5.0,1397552967
978,31,5.0,1396076538
979,31,5.0,1399820195
980,31,3.0,1405069582
981,31,4.0,1397468362
982,31,5.0,1397675903
983,31,5.0,1396003331
984,31,1.0,1405177922
985,31,4.0,1397653600
986,31,5.0,1397492928
987,32,4.0,1557811199
988,32,4.0,1556388488
989,32,5.0,1546701034
990,32,5.0,1552812292
991,32,5.0,1549771951
992,32,3.0,1549715126
993,32,4.0,1546663050
994,32,2.0,1547030381
995,32,4.0,1554829437
996,32,1.0,1546789740
997,32,4.0,1546075533
998,32,5.0,1554272531
999,32,5.0,1547831232
1000,32,5.0,1546092028
1001,32,3.0,1559037547
1002,32,4.0,1549715979
1003,32,4.0,1546881905
1004,32,3.0,1549712891
1005,32,5.0,1547399996
1006,32,4.0,1547987161
1007,32,5.0,1557901495
1008,32,5.0,1554831413
1009,32,5.0,1549641407
1010,32,5.0,1547211268
1011,32,5.0,1545937368
1012,32,5.0,1546005395
1013,32,1.0,1546027747
1014,32,5.0,1550408621
1015,32,2.0,1555176162
1016,32,5.0,1560958613
1017,32,5.0,1558890671
1018,32,2.0,1546963729
1019,32,5.0,1548786313
1020,32,5.0,1547293297
1021,32,5.0,1545819193
1022,32,5.0,1558630067
1023,32,5.0,1558117976
1024,32,4.0,1547371560
1025,32,5.0,1561620223
1026,32,3.0,1562516040
1027,32,5.0,1552838875
1028,32,4.0,1551029236
1029,32,5.0,1572767427
1030,32,5.0,1555506706
1031,32,5.0,1553418575
1032,32,5.0,1572608732
1033,32,3.0,1571317938
1034,32,5.0,1567933403
1035,32,5.0,1564638440
1036,32,5.0,1551451138
1037,33,5.0,1376842416
1038,33,4.0,1528739991
1039,33,5.0,1361805985
1040,33,5.0,1374174161
1041,33,5.0,1487704274
1042,33,5.0,1374161908
1043,33,4.0,1378729792
1044,33,4.0,1419144091
1045,33,5.0,1503144644
1046,33,3.0,1430550690
1047,33,4.0,1368525719
452,33,3.0,1525319197
1048,33,5.0,1456603294
1049,33,4.0,1428312091
1050,33,1.0,1406180170
766,33,3.0,1466196617
1051,33,3.0,1443889902
1052,33,4.0,1387283970
1053,33,2.0,1388940129
1054,33,5.0,1454605550
1055,33,4.0,1366657296
1056,33,5.0,1407576758
1057,33,3.0,1366985312
1058,33,1.0,1395767011
1059,33,5.0,1529008783
1060,33,5.0,1370934688
1061,33,5.0,1552313831
1062,33,4.0,1543390809
1063,33,5.0,1509379114
1064,33,5.0,1540738404
1065,33,5.0,1476189990
1066,33,3.0,1360153534
1067,33,2.0,1555022396
1067,33,2.0,1561413286
1068,33,1.0,1395600432
1069,33,5.0,1563708100
1070,33,5.0,1542116831
1071,34,5.0,1454103103
1072,34,4.0,1526676624
1073,34,5.0,1388476292
1074,34,5.0,1481355634
1075,34,5.0,1493811857
57,34,4.0,1531305975
1076,34,4.0,1412407467
1077,34,1.0,1391275298
391,34,2.0,1336054684
1078,34,5.0,1351496163
1079,34,4.0,1433627987
1080,34,3.0,1361367492
1081,34,4.0,1560705695
1082,35,3.0,1494621896
1083,35,5.0,1461342620
1084,35,5.0,1525769377
1085,35,5.0,1491631602
1086,35,5.0,1498656776
1087,35,5.0,1405256230
1088,35,3.0,1500370064
1089,35,5.0,1509987634
1090,35,1.0,1485546408
1091,35,4.0,1388317937
1092,35,3.0,1451895772
1093,35,5.0,1499535447
1094,35,4.0,1444322079
1095,35,4.0,1357206103
1096,35,5.0,1432733430
1097,35,4.0,1521193470
1098,35,2.0,1472136695
1099,35,5.0,1411925606
1100,35,3.0,1489573085
1101,35,5.0,1306873042
1102,35,5.0,1328217504
1103,35,4.0,1328211104
1104,35,5.0,1297954279
1105,35,3.0,1477659681
1106,35,5.0,1475416361
1107,35,4.0,1402741335
1108,35,5.0,1402512525
1109,35,1.0,1476537198
1110,35,5.0,1413183370
1111,35,5.0,1417360728
1112,35,4.0,1361798147
1113,35,4.0,1470328403
1114,35,4.0,1484548437
1115,35,2.0,1468568067
1116,35,5.0,1470344267
1117,35,5.0,1514736231
1118,35,5.0,1477654160
1119,35,4.0,1328334587
1120,35,4.0,1431796122
1121,35,5.0,1424109652
1122,35,5.0,1502949593
1123,35,5.0,1416160337
1124,35,4.0,1411803206
1125,35,1.0,1520278614
1126,35,4.0,1355306766
1127,35,3.0,1424274935
1128,35,5.0,1427997578
1129,35,3.0,1458595366
1130,35,5.0,1518457598
809,35,5.0,1416127796
1131,36,5.0,1485542063
1132,36,4.0,1491575056
1133,36,4.0,1524839064
1134,36,5.0,1470305236
1135,36,5.0,1486708486
1136,36,5.0,1461418787
1137,36,4.0,1513592802
1138,36,5.0,1472316241
404,36,5.0,1502215571
421,36,1.0,1525046343
837,36,1.0,1432989117
1139,36,5.0,1432817645
1140,36,4.0,1462877852
1141,36,5.0,1456510353
1142,36,4.0,1500460896
1136,36,5.0,1515759543
1143,36,5.0,1449494686
1144,36,5.0,1513618620
1145,36,3.0,1447091060
1146,36,4.0,1436300613
1147,36,5.0,1512314638
1148,36,5.0,1507984447
1149,36,5.0,1519755137
1150,36,5.0,1467738483
1151,36,5.0,1516817349
421,36,1.0,1461560236
1152,36,5.0,1456538084
1153,36,5.0,1487777651
1154,36,5.0,1484830771
1155,36,5.0,1491922575
1156,36,5.0,1485857863
1157,36,5.0,1503479030
1158,36,4.0,1484912824
1159,36,5.0,1451146739
404,36,2.0,1521660166
1160,36,5.0,1480227553
1161,36,5.0,1530265348
1162,36,3.0,1486041582
1163,36,5.0,1483870124
1164,36,5.0,1532972947
1165,36,5.0,1504712782
1166,36,5.0,1434365266
837,36,5.0,1431257427
1167,36,4.0,1522264463
1168,36,5.0,1465138936
1136,36,5.0,1452341825
1169,36,5.0,1531294273
1170,36,4.0,1527959412
1171,36,4.0,1531305648
1172,36,4.0,1466388917
1173,37,4.0,1480855246
1174,37,5.0,1474201281
1175,37,5.0,1475405319
1176,37,5.0,1489759580
1177,37,4.0,1472379514
1178,37,5.0,1480079944
1179,37,5.0,1470489947
1180,37,4.0,1472406208
1181,37,5.0,1472545245
1182,37,5.0,1480154862
1183,37,5.0,1473608900
1184,37,5.0,1473491939
1185,37,3.0,1481100417
1186,37,2.0,1482926505
1187,37,4.0,1471421853
1188,37,5.0,1478042940
1189,37,4.0,1486214689
1190,37,5.0,1472914435
1191,37,3.0,1477026908
1192,37,5.0,1483261750
1193,37,5.0,1485073234
1194,37,5.0,1472010395
1195,37,5.0,1487019370
1196,38,5.0,1482400112
1197,38,5.0,1378568095
38,38,3.0,1368598300
1198,38,1.0,1479315783
1199,38,5.0,1441641535
1200,38,4.0,1287233462
1201,38,4.0,1353587173
653,38,3.0,1466306234
37,38,4.0,1436682236
1202,38,3.0,1319107193
1203,38,3.0,1462130029
1204,38,1.0,1494289258
1205,38,3.0,1416715246
1206,38,5.0,1442500095
1207,38,4.0,1465471496
1208,38,5.0,1267357792
1209,38,4.0,1293565857
1210,39,1.0,1406483504
1211,39,5.0,1462558061
1212,39,2.0,1375535052
1213,39,5.0,1462557896
1214,39,5.0,1488566172
1215,39,5.0,1476386204
1216,39,1.0,1433776293
1217,39,4.0,1393263175
1218,39,4.0,1228479387
1219,39,2.0,1486665290
1220,39,3.0,1309422611
1221,39,4.0,1375620141
1222,39,4.0,1401217395
1223,39,4.0,1476471073
1224,39,3.0,1499522856
1225,39,3.0,1386508605
1226,39,3.0,1330813041
1227,39,3.0,1263399271
1228,39,4.0,1463765833
1229,39,4.0,1236684209
1230,39,4.0,1369923383
1231,39,4.0,1509032828
1232,39,2.0,1388768163
1233,39,4.0,1256773647
1234,39,1.0,1236513826
1235,39,2.0,1375942298
1236,39,3.0,1309531872
1237,39,4.0,1384585242
1238,39,4.0,1374082589
1239,39,1.0,1426871896
1240,39,3.0,1415956676
1241,39,5.0,1450794624
1242,39,2.0,1279393096
1243,39,4.0,1314702771
1244,39,5.0,1250161285
1245,39,4.0,1211322308
1246,39,4.0,1424259663
1247,39,3.0,1382886638
1248,39,4.0,1263845711
1249,39,3.0,1498796338
1250,39,4.0,1304232900
1251,39,5.0,1390315064
1252,39,3.0,1301575266
1253,39,1.0,1378740008
1254,39,4.0,1279293194
1255,39,5.0,1182875529
1256,39,5.0,1404249199
1257,39,3.0,1363955373
1258,39,4.0,1363985343
1259,39,4.0,1318368403
1260,40,3.0,1306464966
1261,40,5.0,1411617096
1262,40,2.0,1440046353
1263,40,5.0,1469435032
1264,40,3.0,1274040036
1265,40,2.0,1386660219
1266,40,1.0,1429423283
1267,40,3.0,1477654332
1268,40,1.0,1384884978
1269,40,5.0,1520348892
1270,40,5.0,1515748646
1271,40,4.0,1331141492
1272,40,3.0,1420646451
1273,40,2.0,1321101905
1274,40,4.0,1405997037
1275,40,5.0,1435481204
1276,40,2.0,1334128296
1277,40,2.0,1346080102
1278,40,5.0,1435480637
1279,40,2.0,1275468768
1280,40,3.0,1524344239
1281,40,2.0,1337250601
1282,40,3.0,1362340139
1283,40,5.0,1316681433
1284,40,3.0,1398853416
1285,40,1.0,1339832679
1286,40,3.0,1252985457
1287,40,1.0,1450076972
1288,40,5.0,1389545325
634,40,1.0,1364810215
1289,40,2.0,1337575733
1290,40,4.0,1534177909
1291,40,3.0,1346186003
1292,40,4.0,1259654442
1293,40,4.0,1318950429
1294,40,3.0,1262513510
1295,40,1.0,1538458813
1296,40,4.0,1273232130
1297,40,3.0,1554574804
1298,40,3.0,1460301918
1299,40,3.0,1246214468
1300,40,3.0,1441700787
1301,40,2.0,1477643819
1302,40,5.0,1518965189
1303,40,3.0,1499892027
1295,40,1.0,1535606516
1304,40,4.0,1549117623
1305,40,5.0,1460738160
1306,40,4.0,1515001422
1307,40,3.0,1503248774
1308,41,3.0,1524828254
1309,41,4.0,1477466587
1310,41,4.0,1492656255
1311,41,1.0,1484664343
1312,41,2.0,1486665130
1313,41,4.0,1414491145
1314,41,4.0,1485677543
1315,41,1.0,1436072128
1316,41,2.0,1527597124
152,41,5.0,1469544647
1317,41,5.0,1470409087
1318,41,5.0,1469537656
1319,41,3.0,1428037457
1320,41,3.0,1490722621
1321,41,5.0,1439282804
1322,41,5.0,1458503263
1323,41,4.0,1521533644
1324,41,5.0,1527267685
1325,41,4.0,1489941448
1326,41,2.0,1434085894
1327,41,4.0,1314979463
1328,41,3.0,1435499413
1329,41,1.0,1437403225
1330,41,4.0,1468941416
1326,41,2.0,1434359856
1331,41,5.0,1512831541
1332,41,4.0,1367005868
1333,41,4.0,1431268116
1334,41,5.0,1452465479
1335,41,3.0,1452698620
1291,41,3.0,1346182464
1336,41,5.0,1404523893
1337,41,4.0,1319273396
1338,41,1.0,1506783429
1339,41,4.0,1499236548
1340,41,1.0,1494262481
1341,41,2.0,1394695369
1342,41,5.0,1414158892
1313,41,1.0,1415450832
1343,41,4.0,1365327089
130,41,4.0,1261643658
1344,41,5.0,1538931499
1345,41,1.0,1542899246
1346,41,1.0,1473780699
1347,41,1.0,1471278891
1348,41,5.0,1566819074
1349,41,1.0,1535215454
1350,41,4.0,1456547889
1351,41,4.0,1504361828
1352,41,4.0,1544452171
1353,42,5.0,1446732126
1354,42,5.0,1460374351
1355,42,5.0,1474197179
1356,42,5.0,1457299599
1357,42,5.0,1438965791
1356,42,5.0,1422881605
1358,42,5.0,1425552248
1359,42,1.0,1372088040
1360,42,4.0,1475303523
1361,42,1.0,1468530525
1362,42,5.0,1433778465
1363,42,4.0,1402584624
1364,42,5.0,1431538215
1365,42,5.0,1420386037
1366,42,3.0,1411669955
1367,42,5.0,1469555410
1368,42,5.0,1473177193
1369,42,5.0,1449401140
1370,42,5.0,1507809369
1371,42,1.0,1274026211
1372,42,5.0,1473173466
1373,42,5.0,1405365961
1374,42,4.0,1463680045
1375,42,4.0,1420471083
1376,42,5.0,1455351919
1373,42,5.0,1493711968
1377,42,5.0,1229678615
1378,42,5.0,1465829295
1379,42,4.0,1421821281
1380,42,1.0,1502302743
1381,42,5.0,1441005102
1382,42,4.0,1402699884
1383,42,4.0,1463951926
1384,42,3.0,1382722408
1385,42,5.0,1390245291
1386,42,1.0,1412157973
1387,42,5.0,1477584053
1388,42,4.0,1452006649
1386,42,1.0,1411841912
1389,42,1.0,1480015513
1390,42,2.0,1467806419
1391,42,4.0,1384805288
1392,42,4.0,1474356425
1393,42,5.0,1435170752
1394,42,3.0,1473358612
1395,42,5.0,1154466178
1396,42,5.0,1459545663
1397,42,1.0,1478981190
1398,42,5.0,1467720262
1399,42,5.0,1453225160
1400,43,5.0,1494701803
1401,43,5.0,1472284318
1402,43,1.0,1479927168
1403,43,5.0,1491764162
1404,43,5.0,1476527751
1405,43,5.0,1493896652
1406,43,5.0,1491764129
1407,43,1.0,1487782201
1408,43,2.0,1500832649
1409,43,2.0,1499884196
1410,43,5.0,1491059652
1411,43,4.0,1504329090
1412,43,1.0,1509421609
1413,43,1.0,1488202323
1414,43,1.0,1501860795
1415,43,2.0,1496595012
1416,43,3.0,1494512891
229,43,4.0,1500280049
1417,43,4.0,1492514487
1418,43,4.0,1503836708
1419,43,4.0,1497494090
1420,43,4.0,1496569337
1421,43,3.0,1498458119
1422,44,4.0,1530977602
1423,44,2.0,1492591425
1424,44,3.0,1375721131
1425,44,4.0,1359389674
1426,44,5.0,1510245963
1427,44,4.0,1461510956
1428,44,4.0,1359957655
1429,44,5.0,1507814539
1430,44,2.0,1481057203
1431,44,4.0,1380961465
1432,44,4.0,1450770834
1433,44,5.0,1429297173
1434,44,1.0,1347627696
1435,44,4.0,1410610775
1426,44,5.0,1532113975
1436,44,4.0,1381607371
1437,44,1.0,1399882571
1438,44,4.0,1275710167
1439,44,1.0,1529843301
1440,44,2.0,1326538116
1441,44,3.0,1452441247
1442,44,5.0,1488038568
1443,44,1.0,1451314273
1444,44,3.0,1435335012
1445,44,4.0,1400601533
1446,44,1.0,1458748662
1447,44,1.0,1440780321
1448,44,2.0,1452103985
1449,44,5.0,1334307814
1450,44,5.0,1499100663
1451,44,3.0,1517118210
1452,44,5.0,1329851654
1453,44,5.0,1433250745
1454,44,1.0,1358709630
1455,44,1.0,1482760044
1456,44,4.0,1409896946
1457,44,1.0,1539453253
1458,44,4.0,1469889306
1459,44,2.0,1407634643
1460,44,4.0,1466356369
1461,44,5.0,1401767986
1462,44,3.0,1408521772
1463,44,4.0,1472730800
1464,44,4.0,1284972701
1465,44,1.0,1455980345
1466,44,3.0,1438288551
1466,44,4.0,1542387485
1467,44,5.0,1545233191
1468,44,1.0,1500054091
1469,44,2.0,1469982354
1470,45,5.0,1342447170
1471,45,3.0,1317034736
1472,45,3.0,1319867403
1473,45,4.0,1311957717
1474,45,3.0,1282476639
1475,45,3.0,1408955796
1476,45,5.0,1352715110
1477,45,2.0,1304183433
1478,45,4.0,1328293076
1479,45,3.0,1269836430
1480,45,1.0,1399736677
1481,45,3.0,1404113103
1482,45,4.0,1393675923
1483,45,3.0,1341140906
1484,45,4.0,1278789906
1485,45,2.0,1295071447
1486,45,1.0,1355378108
1487,45,4.0,1370323220
1488,45,3.0,1274895364
1489,45,1.0,1301493905
1490,45,4.0,1370421898
1491,45,4.0,1359998080
1492,45,4.0,1387370150
1493,45,1.0,1295724421
1494,45,1.0,1413793340
1495,45,4.0,1477032541
1496,45,4.0,1339664318
1497,45,4.0,1295723838
1498,45,3.0,1298997214
1499,45,2.0,1369299301
1500,45,4.0,1409582015
1501,45,2.0,1400142606
1502,45,1.0,1308658044
1503,45,3.0,1367135877
1492,45,4.0,1389080608
1504,45,2.0,1321002066
1505,45,3.0,1240471896
1506,45,4.0,1344598054
1507,45,3.0,1260207110
1508,45,1.0,1367320423
1509,45,1.0,1308490397
1510,45,2.0,1297544600
1511,45,4.0,1339814481
1512,45,3.0,1354369231
1513,45,2.0,1267887672
1514,45,1.0,1349109380
1515,45,4.0,1351754082
1516,45,2.0,1354307527
1517,45,3.0,1376233466
1518,45,1.0,1338168820
1519,46,5.0,1516501506
1520,46,4.0,1330690147
1521,46,5.0,1393340565
1522,46,5.0,1420443779
1523,46,5.0,1322993883
1524,46,5.0,1438359016
1525,46,4.0,1451321405
1526,46,5.0,1428318725
1527,46,4.0,1479308280
1528,46,4.0,1532260800
1529,46,4.0,1440535641
1530,46,4.0,1527102482
1531,46,4.0,1428416378
1532,46,5.0,1463935879
1533,46,5.0,1385559770
1534,46,5.0,1530623767
58,46,3.0,1402307973
1535,46,4.0,1351109958
1536,46,4.0,1452536985
1528,46,5.0,1514204903
1537,46,5.0,1528119838
1538,46,2.0,1360861303
1539,46,5.0,1387559297
1523,46,4.0,1322045110
1540,46,4.0,1321418127
1541,46,5.0,1484557723
1542,46,4.0,1340527408
1543,46,2.0,1470582242
1544,46,5.0,1354454637
1545,46,3.0,1414160072
1546,46,3.0,1548505370
1547,46,4.0,1338134908
1548,46,4.0,1309892413
1549,46,5.0,1572845689
1550,46,1.0,1564590520
1551,46,2.0,1491898674
1552,47,2.0,1432611000
1553,47,5.0,1352146357
1554,47,5.0,1444236515
1555,47,5.0,1255507918
1556,47,5.0,1421577553
1557,47,4.0,1372055089
1558,47,5.0,1438962861
1559,47,5.0,1397928676
1560,47,4.0,1397927481
1561,47,4.0,1380893881
1562,47,5.0,1439991343
1563,47,5.0,1290876703
1564,47,5.0,1352232476
1565,47,5.0,1352395194
1566,47,5.0,1314419321
1567,47,4.0,1449337650
1568,47,5.0,1197955343
1569,47,5.0,1376635482
1570,47,5.0,1381011188
1555,47,4.0,1282593288
1571,47,4.0,1307453305
1572,47,3.0,1269240591
1573,47,3.0,1388665191
1574,47,5.0,1328352432
1575,47,4.0,1360182911
1576,47,5.0,1378649717
1577,47,2.0,1402832741
1563,47,5.0,1291195041
1578,47,3.0,1453406703
1579,47,5.0,1185482935
1580,47,5.0,1413434694
1581,47,1.0,1436108762
1582,47,1.0,1450976265
1583,47,5.0,1441359729
1584,47,4.0,1398581013
1585,47,5.0,1323453804
1586,47,5.0,1314544976
1587,47,4.0,1416662460
1588,47,3.0,1443620898
1589,47,1.0,1439219511
1590,47,5.0,1441639396
1591,47,5.0,1401624728
1592,47,2.0,1387013746
1593,47,4.0,1373197684
1594,47,5.0,1231604085
1595,47,5.0,1351223425
1596,47,5.0,1328960562
1597,47,5.0,1341494117
1598,47,4.0,1350754947
1571,47,5.0,1223606149
1599,48,3.0,1361541928
523,48,3.0,1341033011
1600,48,4.0,1359378723
1601,48,4.0,1333094124
1602,48,3.0,1268559117
1603,48,4.0,1300694363
1604,48,3.0,1282816883
1605,48,1.0,1268637312
1606,48,1.0,1357321750
1607,48,2.0,1340736217
1608,48,2.0,1278778197
1609,48,2.0,1363783365
1610,48,1.0,1278877162
1611,48,2.0,1363691719
1612,48,5.0,1352540591
1613,48,5.0,1347558806
1614,48,3.0,1331192436
1615,48,4.0,1315056470
1610,48,3.0,1286977705
1616,48,3.0,1333825071
1617,48,4.0,1295332893
1618,48,4.0,1298547898
1619,48,1.0,1326093772
1620,48,3.0,1301850260
1613,48,5.0,1348394855
1610,48,1.0,1350834052
1621,48,3.0,1301849871
1622,48,5.0,1331384445
1623,48,3.0,1245324384
1624,48,3.0,1266140349
1625,48,5.0,1323543779
1626,48,4.0,1308249662
1627,48,4.0,1245450425
1628,48,4.0,1280921299
1629,48,5.0,1319236498
1630,48,5.0,1284705595
1631,48,3.0,1284642190
1632,48,4.0,1323639418
1633,48,3.0,1342191250
1634,48,4.0,1327261084
1635,48,5.0,1308917107
1636,48,1.0,1272287776
1637,48,3.0,1266349861
1638,48,3.0,1319327652
1639,48,4.0,1345868836
1640,48,4.0,1325240655
1641,48,1.0,1333028482
525,48,2.0,1255028103
1642,48,4.0,1302884098
1643,48,1.0,1324751418
1644,49,3.0,1342547595
1645,49,4.0,1340943747
1646,49,4.0,1361775324
1647,49,3.0,1362247880
1648,49,1.0,1377150996
1649,49,3.0,1357245786
1650,49,4.0,1350536077
1651,49,3.0,1362197850
1644,49,5.0,1343055705
1652,49,4.0,1378624346
1653,49,4.0,1343375551
1654,49,3.0,1379846534
1655,49,4.0,1368860085
1656,49,5.0,1358082232
1657,49,3.0,1351489176
1657,49,3.0,1351586422
1658,49,5.0,1339593330
1659,49,5.0,1339667900
1660,49,5.0,1348818840
1661,49,3.0,1343191934
1657,49,3.0,1360654119
1662,49,5.0,1339255249
1187,49,4.0,1362389100
1663,49,2.0,1365046716
1664,49,5.0,1353945728
1665,49,5.0,1349415276
1666,49,3.0,1366987236
1667,49,5.0,1344014892
1668,49,4.0,1339435904
1669,49,3.0,1361376484
1670,49,5.0,1377342109
1671,49,3.0,1358405352
1672,49,4.0,1340162839
1673,49,4.0,1340470443
1674,49,2.0,1353514204
1675,49,5.0,1340249530
1676,49,4.0,1361392932
1677,49,4.0,1344156732
1678,49,5.0,1340471814
1679,49,5.0,1369672649
1680,49,5.0,1339824138
1681,49,3.0,1373139037
1682,49,5.0,1349419645
1683,49,5.0,1344260726
1684,49,4.0,1338972123
1685,49,5.0,1340550658
1686,49,4.0,1344684037
1687,49,3.0,1351679367
1688,49,4.0,1368169800
1689,50,1.0,1483295576
1690,50,5.0,1484411582
1691,50,1.0,1432977619
1692,50,3.0,1507903999
1693,50,4.0,1455475845
1694,50,5.0,1488012484
348,50,3.0,1474484525
1695,50,3.0,1433052425
1696,50,5.0,1448552628
1697,50,3.0,1536487489
1698,50,4.0,1481608630
1699,50,2.0,1478102004
1700,50,1.0,1510667495
1701,50,3.0,1536492301
1702,50,1.0,1443796706
1703,50,2.0,1500183851
1704,50,4.0,1475936193
1705,50,5.0,1524995000
1706,50,3.0,1495687174
1707,50,1.0,1478963847
1708,50,1.0,1469977691
1709,50,5.0,1525778830
1710,50,1.0,1463726203
1711,50,1.0,1465992979
1712,50,5.0,1532449911
1713,50,4.0,1533374467
1714,51,1.0,1456227371
1715,51,1.0,1456244445
1716,51,1.0,1306479214
1717,51,4.0,1492589563
1718,51,3.0,1242972640
1719,51,2.0,1236164062
1720,51,2.0,1263236950
1721,51,3.0,1425596533
1722,51,4.0,1429127529
1723,51,3.0,1236272445
1724,51,1.0,1449377723
1725,51,4.0,1428067818
1726,51,3.0,1401263983
1727,51,3.0,1430323753
1728,51,4.0,1434026089
1729,51,4.0,1450760982
1730,51,5.0,1432784532
1731,51,2.0,1370085591
1732,51,4.0,1509214778
1733,51,1.0,1406730583
1734,51,3.0,1410457905
1735,51,1.0,1408173762
1736,51,2.0,1359894457
1737,51,1.0,1460462061
1738,51,3.0,1368711253
1739,51,4.0,1489842315
1740,51,2.0,1409043095
1741,51,1.0,1500718662
1742,51,5.0,1522075988
1743,51,3.0,1352818851
1744,51,3.0,1388751948
1745,51,3.0,1440341979
1746,51,5.0,1304535162
1747,51,2.0,1504180225
1748,51,4.0,1521304791
1749,51,2.0,1448395165
1750,51,2.0,1436461247
1751,51,5.0,1413731487
1752,51,1.0,1527759485
1753,51,3.0,1444492051
1754,51,4.0,1348041497
1755,51,2.0,1251387320
1756,51,3.0,1443467596
1757,51,1.0,1463140691
1758,51,1.0,1314617586
1759,51,4.0,1497936364
1760,51,1.0,1410942879
1761,51,2.0,1231588309
1762,51,3.0,1304666793
1763,51,2.0,1366871324
1764,52,1.0,1447844795
1765,52,1.0,1297605558
1766,52,3.0,1325583789
1767,52,1.0,1496761300
1768,52,3.0,1325574938
1769,52,4.0,1363621670
1770,52,5.0,1328161283
1771,52,5.0,1415779162
1772,52,1.0,1330540937
1773,52,5.0,1437125219
1774,52,3.0,1456221021
1775,52,4.0,1228978359
1776,52,4.0,1361570575
1777,52,4.0,1421588326
1778,52,1.0,1466611967
1779,52,5.0,1486636082
1780,52,2.0,1354825503
1781,52,3.0,1309430896
1782,52,2.0,1523810633
1783,52,5.0,1483369850
1784,52,4.0,1237068541
1785,52,3.0,1255675045
1786,52,5.0,1515521112
1787,52,2.0,1357408724
1788,52,4.0,1372140036
1789,52,3.0,1507100483
1790,52,2.0,1504981604
1791,52,5.0,1538062536
1792,52,5.0,1491743588
1793,52,5.0,1536131307
1794,52,3.0,1219982558
1795,52,5.0,1386501533
1796,52,3.0,1537953002
1797,52,2.0,1325843598
1798,52,4.0,1294658471
1799,52,5.0,1517650720
1800,52,5.0,1511102330
1801,52,1.0,1526801895
1802,52,5.0,1419010383
1803,52,4.0,1519548004
1804,52,5.0,1476631785
1805,52,3.0,1476444180
1806,52,5.0,1405263246
1807,52,4.0,1221466729
1808,52,3.0,1401196617
1809,52,5.0,1425751796
1810,52,5.0,1492792866
1811,52,3.0,1328286174
1812,52,3.0,1438092124
1813,52,4.0,1503971624
1814,53,1.0,1335636362
1815,53,5.0,1363609266
1816,53,5.0,1375664788
1817,53,5.0,1418813874
1818,53,5.0,1381130763
1819,53,1.0,1249492727
1820,53,4.0,1352730505
1821,53,4.0,1318256006
1822,53,4.0,1408208771
1823,53,1.0,1370687086
1824,53,3.0,1374995323
57,53,3.0,1405921075
1825,53,1.0,1414079894
1826,53,1.0,1247476811
70,53,1.0,1346093209
1827,53,1.0,1381477467
1817,53,5.0,1386310976
1828,53,3.0,1311605850
1829,53,4.0,1344051276
69,53,4.0,1392747911
76,53,4.0,1305732883
1830,53,1.0,1378909904
1831,54,5.0,1478806629
1832,54,4.0,1322655301
1833,54,5.0,1340793994
1762,54,2.0,1244183138
1834,54,4.0,1492765803
1835,54,4.0,1373947629
1836,54,4.0,1363797862
1837,54,4.0,1361701143
1838,54,4.0,1444563434
1839,54,4.0,1298041252
1840,54,4.0,1435063493
1841,54,5.0,1455454493
1842,54,5.0,1419008476
1843,54,5.0,1436202300
1844,54,5.0,1509270772
1845,54,4.0,1527861862
1846,54,5.0,1504255857
1847,54,5.0,1408194921
1848,54,5.0,1473553863
1849,54,5.0,1460833531
1844,54,5.0,1514033596
1850,54,4.0,1471363940
1851,54,4.0,1358070025
1852,54,4.0,1527079149
1853,54,4.0,1331818341
1854,54,5.0,1513706990
1855,54,5.0,1508425479
1856,54,5.0,1466359895
1841,54,4.0,1429788163
1857,54,3.0,1493458660
1858,54,5.0,1500964201
1859,54,4.0,1329831014
1860,54,5.0,1390698523
1861,54,4.0,1415123685
1862,54,1.0,1409693987
1863,54,4.0,1394527382
1864,54,3.0,1392634981
1865,54,5.0,1422632588
1866,54,5.0,1380029516
1867,54,5.0,1450186049
1868,54,5.0,1535800780
1869,54,2.0,1534144603
1870,54,5.0,1431190125
1871,54,4.0,1553507054
1872,54,4.0,1396074682
1873,54,3.0,1330340402
1874,54,4.0,1424024629
1875,54,3.0,1556141534
1876,55,4.0,1273854661
1877,55,4.0,1365616273
1878,55,4.0,1269015916
1879,55,3.0,1286557945
1880,55,4.0,1320043729
1881,55,3.0,1330759276
1882,55,3.0,1429179723
1883,55,1.0,1468638659
1884,55,5.0,1352699961
1885,55,3.0,1458328071
1886,55,5.0,1355231202
1887,55,4.0,1355384929
1888,55,4.0,1330874840
1889,55,4.0,1506091812
1890,55,2.0,1362216178
1816,55,4.0,1406772698
1891,55,5.0,1467967423
1892,55,4.0,1359899365
1893,55,4.0,1379354776
1894,55,1.0,1481208939
1289,55,3.0,1359902460
1895,55,4.0,1275638637
1896,55,4.0,1469732649
1897,55,2.0,1438610503
1898,55,4.0,1276045947
1899,55,1.0,1423383920
1900,55,1.0,1388868341
1901,55,4.0,1433223930
1902,55,1.0,1408297157
1903,55,1.0,1438559524
1071,55,4.0,1477157339
1904,55,5.0,1341663015
1905,55,5.0,1334418080
1906,55,4.0,1366522312
1907,55,1.0,1475943968
1908,55,4.0,1301766026
1887,55,3.0,1360950080
1909,55,5.0,1435420207
1910,55,3.0,1369411389
1911,55,4.0,1379865590
1883,55,4.0,1455797286
1912,55,4.0,1262016519
1913,55,4.0,1408713522
1914,55,3.0,1425131771
1915,55,5.0,1408725970
465,55,4.0,1315807456
1916,55,5.0,1438854195
1917,55,2.0,1382097161
1918,55,1.0,1435652110
1919,55,5.0,1388219045
1920,56,2.0,1501250363
1921,56,3.0,1464684146
1922,56,2.0,1469536023
1923,56,5.0,1488557711
1924,56,1.0,1486654696
1925,56,5.0,1504093359
1926,56,5.0,1458381832
1927,56,2.0,1507807331
1928,56,5.0,1521352984
1929,56,5.0,1477661907
1930,56,4.0,1463778101
1931,56,4.0,1463854381
1932,56,5.0,1501599243
1933,56,1.0,1454319215
1934,56,3.0,1465979049
1935,56,5.0,1518709940
1936,56,2.0,1497966713
1937,56,1.0,1526916684
1938,56,5.0,1475620278
1939,56,1.0,1460891939
1940,56,5.0,1468854633
1941,56,3.0,1459678132
1942,56,5.0,1488212322
1943,56,5.0,1488127495
1944,56,3.0,1529917373
1945,56,5.0,1494149993
1946,56,5.0,1469005783
1947,56,1.0,1461091510
1948,56,1.0,1486200742
1949,56,4.0,1474986952
1950,56,3.0,1505551417
1951,56,5.0,1488105823
1952,56,1.0,1491334223
1953,56,4.0,1494258644
1954,56,5.0,1513009353
1955,56,5.0,1488049921
1956,56,4.0,1454867426
1957,56,1.0,1478153928
1958,56,1.0,1458931664
1959,56,2.0,1469694558
1960,56,4.0,1492270135
1961,56,3.0,1496921820
1962,56,4.0,1471758249
1963,56,2.0,1499355948
1964,56,4.0,1475174908
1965,57,4.0,1352199803
1966,57,4.0,1386428960
1967,57,5.0,1462631283
1968,57,2.0,1480861118
1969,57,2.0,1476519063
1970,57,5.0,1414673697
1971,57,5.0,1417527640
1972,57,5.0,1402814090
705,57,4.0,1502347883
1973,57,3.0,1481383133
1974,57,5.0,1442307981
1975,57,5.0,1423462475
1976,57,4.0,1476860867
1968,57,5.0,1508503475
1977,57,3.0,1410075547
1978,57,5.0,1411224981
1979,57,1.0,1515690812
761,58,1.0,1511035178
1980,58,1.0,1398020446
775,58,5.0,1453567937
1981,58,5.0,1514814089
1982,58,1.0,1507554674
1983,58,5.0,1372539835
1984,58,5.0,1501703385
1985,58,4.0,1437737630
1986,58,1.0,1502047030
788,58,5.0,1452889383
1987,58,5.0,1546597287
1988,58,2.0,1535102393
1989,59,2.0,1521110172
1990,59,4.0,1516511489
1991,59,4.0,1494686597
1992,59,4.0,1527506700
1993,59,1.0,1482156618
1994,59,5.0,1513438322
1995,59,5.0,1533410703
1996,59,5.0,1490603285
1997,59,4.0,1483465687
1998,59,5.0,1535090482
1999,59,5.0,1522933985
2000,59,5.0,1485618538
2001,59,1.0,1489595450
2002,59,4.0,1490724980
2003,59,5.0,1484677269
2004,59,5.0,1534353116
2005,59,3.0,1523051009
2006,59,2.0,1489595426
2007,59,5.0,1532619562
2008,59,4.0,1536930174
2009,59,5.0,1499621755
2010,59,5.0,1525889887
2011,59,5.0,1509015467
2012,59,5.0,1487833426
2013,59,5.0,1538159386
2014,59,5.0,1514807236
2015,59,3.0,1488893837
2016,59,5.0,1532795732
2017,59,4.0,1536349559
2007,59,5.0,1526068185
2018,59,2.0,1494931453
2019,59,4.0,1496934666
2020,59,5.0,1531929205
2021,59,3.0,1498204925
2022,59,5.0,1526131189
2023,59,2.0,1502388530
2024,59,5.0,1492806994
2025,59,5.0,1501611330
2026,59,4.0,1489987235
2027,59,5.0,1526841926
2028,59,3.0,1486838778
2029,59,1.0,1487677942
2030,59,1.0,1481350177
2031,59,5.0,1504435477
2032,59,5.0,1513789050
2033,59,5.0,1486053315
2034,59,5.0,1484766751
2035,59,1.0,1481306882
2036,59,5.0,1482585970
2037,59,5.0,1506447974
2038,60,5.0,1469442698
1461,60,5.0,1414492729
2039,60,4.0,1414517001
1456,60,4.0,1406544622
2040,60,1.0,1405692533
2041,60,5.0,1310226546
2042,60,4.0,1370447021
2043,60,4.0,1274712552
2044,60,4.0,1362267818
2045,60,5.0,1429928128
2046,60,3.0,1383821136
2047,60,5.0,1502006859
2048,60,5.0,1422695879
2049,60,5.0,1501871998
2050,60,4.0,1392550746
1441,60,1.0,1408823847
2051,60,3.0,1555422852
2052,60,5.0,1540555549
2053,60,1.0,1434743601
2054,60,2.0,1349067884
2055,60,2.0,1541772501
2056,61,3.0,1484499622
2057,61,3.0,1440064363
2058,61,2.0,1243329946
2059,61,4.0,1376643719
2060,61,5.0,1357494775
2061,61,4.0,1336135239
2062,61,5.0,1529502730
2063,61,5.0,1438271485
2064,61,3.0,1374377507
2065,61,4.0,1510514399
2066,61,3.0,1333783044
2067,61,5.0,1499147475
2068,61,2.0,1275384041
2069,61,1.0,1409337757
2070,61,4.0,1438622488
2071,61,5.0,1459613045
2072,61,4.0,1341829838
2073,61,1.0,1404501637
2074,61,5.0,1366726308
2075,61,5.0,1500909269
2076,61,5.0,1431954147
2077,61,5.0,1383400604
2078,61,3.0,1517242550
2079,61,4.0,1493968154
2080,61,4.0,1456761454
2081,61,4.0,1318398658
2082,61,2.0,1474627314
2083,61,5.0,1510569940
2084,61,5.0,1395602486
2085,61,5.0,1327288551
2086,61,1.0,1409370544
2087,61,4.0,1400169706
2088,61,4.0,1360513766
2089,61,5.0,1358512804
2090,61,1.0,1424630799
2091,61,5.0,1432189610
2092,61,3.0,1469976610
2093,61,4.0,1388209852
2094,61,4.0,1451632469
2095,61,4.0,1420132926
2096,61,4.0,1390858201
2097,61,5.0,1377830880
2098,61,1.0,1472750430
2099,61,3.0,1466240027
2100,61,5.0,1346246828
2101,61,4.0,1467526614
2102,61,4.0,1305350900
1965,61,5.0,1346171672
2103,61,5.0,1468431630
2104,61,5.0,1319475847
2105,62,2.0,1471017687
275,62,4.0,1450630529
2106,62,1.0,1390049054
2107,62,2.0,1494697299
2108,62,2.0,1456340313
2109,62,2.0,1382715056
2110,62,4.0,1421762198
2111,62,5.0,1438157202
2112,62,4.0,1468660580
2113,62,4.0,1426783304
2114,62,3.0,1517666906
2115,62,2.0,1514718486
2116,62,5.0,1524132361
2117,62,1.0,1521984258
2118,62,5.0,1336360759
2119,62,4.0,1488999064
2120,62,3.0,1440512998
2121,62,3.0,1393608933
2106,62,1.0,1343151123
2122,62,5.0,1420554733
2123,62,2.0,1257759646
2124,62,4.0,1526241047
2125,62,1.0,1452265019
282,62,3.0,1450105427
2126,62,5.0,1315032095
2127,62,1.0,1474737539
2128,62,4.0,1485253765
2129,62,4.0,1461575382
2130,62,3.0,1389383518
2131,62,2.0,1305002644
2132,62,3.0,1326701757
2133,62,4.0,1372960656
2134,62,1.0,1422423906
2135,62,4.0,1259655030
2136,62,3.0,1365063396
2137,62,4.0,1429983936
1328,62,3.0,1458972820
662,62,1.0,1464615064
1854,62,5.0,1513929279
211,62,2.0,1346162981
2138,62,3.0,1373468270
2139,62,1.0,1354280725
2140,62,5.0,1415212313
2141,62,1.0,1503779383
2142,62,4.0,1517294212
2143,62,4.0,1335427149
2144,62,4.0,1365258990
2145,62,1.0,1525517084
2146,62,5.0,1540818890
2147,62,3.0,1476129732
2148,63,5.0,1342458358
2149,63,3.0,1450876847
2150,63,1.0,1473602822
2151,63,5.0,1505324930
2152,63,5.0,1432999283
2153,63,1.0,1410710594
2154,63,2.0,1409364067
2155,63,1.0,1385651373
2156,63,4.0,1295713122
2157,63,1.0,1360399419
2158,63,4.0,1353419480
2159,63,4.0,1304601328
2065,63,4.0,1508526694
2160,63,2.0,1409981425
2161,63,2.0,1353853106
2162,63,4.0,1240908365
675,63,4.0,1520942831
2163,63,1.0,1532533830
2083,63,4.0,1508754773
2164,63,5.0,1549308196
2165,63,4.0,1570360427
2166,64,2.0,1485531636
2167,64,5.0,1367913976
2168,64,5.0,1512232234
2169,64,1.0,1474194606
2170,64,5.0,1294570497
2171,64,5.0,1528478592
2172,64,5.0,1426747694
2173,64,3.0,1361516854
2174,64,5.0,1389984890
2175,64,5.0,1306609913
2176,64,5.0,1445163244
2177,64,4.0,1319899062
2178,64,5.0,1480004987
2179,64,5.0,1491659938
2180,64,5.0,1418999299
2181,64,1.0,1478945175
2182,64,5.0,1483453417
2183,64,3.0,1420379327
2184,64,5.0,1535968890
2185,64,5.0,1475473996
2186,64,5.0,1470376050
2187,64,5.0,1437279999
2188,64,4.0,1388566936
2189,64,3.0,1471109293
2190,64,5.0,1535219296
2191,64,5.0,1434972190
2192,64,5.0,1441803817
2193,64,5.0,1472246684
2194,64,5.0,1538208816
2195,64,1.0,1533485885
2196,64,5.0,1501527874
2197,64,1.0,1347616637
2198,64,5.0,1449759074
2199,64,4.0,1495988192
2200,64,4.0,1449592402
2201,64,4.0,1357563589
2202,64,2.0,1491742634
2203,64,5.0,1445361962
2204,64,4.0,1485708409
2205,64,2.0,1531230863
2206,64,5.0,1474273922
2207,64,4.0,1238649571
2208,64,5.0,1480155222
2209,64,3.0,1424362820
2210,64,5.0,1466872682
2211,64,4.0,1374148555
2212,64,5.0,1270393838
2213,64,1.0,1419358196
2214,64,5.0,1492788061
2215,64,3.0,1448129749
2216,65,4.0,1456242700
2217,65,5.0,1454097321
2218,65,5.0,1445593571
2219,65,1.0,1468508755
2220,65,5.0,1468499007
2221,65,5.0,1465660510
2222,65,3.0,1501233130
2223,65,4.0,1450694659
2224,65,5.0,1461432899
2225,65,5.0,1533384409
2226,65,5.0,1462569308
2227,65,3.0,1506960851
2228,65,4.0,1471130589
243,65,4.0,1460540519
2229,65,5.0,1507746335
2230,65,5.0,1505935711
2231,65,3.0,1470332126
2232,65,2.0,1521893420
2233,65,5.0,1501264852
2234,65,5.0,1461425866
2235,65,4.0,1485548933
1211,65,5.0,1463681603
2236,65,4.0,1445692888
2237,65,5.0,1474218253
2238,65,5.0,1453067346
2239,65,4.0,1524916880
2240,65,4.0,1456351202
2241,65,4.0,1477765928
2242,65,3.0,1458376146
2243,65,5.0,1445087608
2244,65,5.0,1488650757
2245,65,5.0,1461606183
2246,65,5.0,1474288762
2247,65,5.0,1514630630
2248,65,5.0,1538158867
2249,65,5.0,1527608106
2250,65,5.0,1476561571
2251,65,2.0,1484506347
2252,65,5.0,1445881858
2253,65,5.0,1444400575
2254,65,5.0,1517607039
2255,65,5.0,1513626009
2256,65,5.0,1456405062
2257,65,4.0,1473248810
2258,65,5.0,1492948481
2259,65,3.0,1450819408
2260,65,5.0,1494864875
2261,65,4.0,1510147425
2262,65,3.0,1501408387
2263,65,5.0,1516774690
2264,66,1.0,1519412153
2265,66,4.0,1529400416
2266,66,2.0,1501407345
2267,66,4.0,1500474126
2268,66,5.0,1537035818
2269,66,5.0,1535205837
2270,66,5.0,1510240229
2271,66,5.0,1508046325
2272,66,3.0,1507917667
2273,66,2.0,1507200434
2274,66,3.0,1507200104
2275,66,5.0,1532771790
2276,66,4.0,1506085438
540,66,5.0,1507125677
2277,66,5.0,1526123759
2278,66,5.0,1512582436
2279,66,2.0,1511204995
2280,66,5.0,1504267371
2281,66,5.0,1534451429
2282,66,5.0,1509448033
2283,66,4.0,1501953841
2284,66,5.0,1505336711
2285,66,5.0,1523528717
2286,66,5.0,1527181753
2287,66,1.0,1527106701
2288,66,3.0,1525497446
2289,66,2.0,1502721343
2290,66,5.0,1509731940
2291,66,5.0,1526414719
2292,66,5.0,1501005129
2293,66,4.0,1501953575
2294,66,4.0,1529255040
2295,66,4.0,1518878302
2296,66,5.0,1505573236
2297,66,1.0,1516201768
2298,66,5.0,1502040664
2299,66,5.0,1524501419
2300,66,1.0,1517375436
2301,66,1.0,1508235163
2302,66,5.0,1529787356
2303,66,5.0,1537810484
2304,66,4.0,1514450312
2305,66,5.0,1501068366
2306,66,5.0,1537810572
2307,66,4.0,1535796465
2308,66,5.0,1546774194
2309,66,4.0,1508761301
2310,66,5.0,1512134018
2311,66,5.0,1509796430
2312,66,5.0,1548348664
2313,67,5.0,1491583724
2314,67,5.0,1445662507
2315,67,4.0,1499792584
2316,67,4.0,1525256484
2317,67,4.0,1474362912
2318,67,3.0,1474796664
2319,67,4.0,1519901923
2320,67,5.0,1524559851
2321,67,4.0,1495364306
2322,67,4.0,1497263315
2323,67,3.0,1514219410
2324,67,4.0,1484312596
277,67,3.0,1468413226
2325,67,5.0,1460666312
2326,68,1.0,1524827538
2327,68,5.0,1492558730
2328,68,4.0,1458287332
2329,68,2.0,1472125942
2330,68,4.0,1497775489
1891,68,4.0,1462617895
2328,68,5.0,1448037764
2331,68,5.0,1449435253
2332,68,2.0,1498720430
2333,68,3.0,1478874033
2334,68,5.0,1519559482
2328,68,5.0,1419065706
2335,68,4.0,1443520685
2336,68,3.0,1498150280
2337,68,2.0,1257624736
2338,68,3.0,1419347082
80,68,3.0,1494951451
2339,68,4.0,1341498176
2340,68,4.0,1484683403
2341,68,4.0,1481294983
2342,68,3.0,1318254436
2343,68,5.0,1418046046
2344,68,5.0,1536505352
2182,68,3.0,1468167732
2345,68,5.0,1479415496
2346,68,4.0,1416723433
2347,68,5.0,1547928914
2348,68,3.0,1454173567
2349,68,4.0,1401474799
1877,68,5.0,1468427207
2350,68,4.0,1544244955
2351,68,5.0,1522661496
2352,68,1.0,1542547036
2353,69,5.0,1535983214
2354,69,5.0,1535967294
2355,69,5.0,1532616588
2356,69,2.0,1536221693
2357,69,4.0,1534332884
2358,69,5.0,1535116640
2359,69,5.0,1538287847
2360,69,3.0,1534405715
2361,69,4.0,1536414990
2362,69,4.0,1535260231
2363,69,5.0,1533226549
2364,69,2.0,1534678898
2365,69,5.0,1535014069
2366,69,5.0,1533226458
2367,69,5.0,1545652364
2368,69,5.0,1552928899
2369,69,3.0,1539451647
2370,69,4.0,1534096249
2371,69,5.0,1535268833
2372,69,4.0,1555688156
2373,69,5.0,1563634573
2374,69,5.0,1537985331
2375,69,5.0,1533286264
2376,69,2.0,1550177431
2377,69,4.0,1556032409
2378,69,5.0,1533225193
2379,69,4.0,1540054671
2380,69,5.0,1555957763
2381,69,3.0,1554624884
724,69,3.0,1538015726
2382,69,3.0,1572758973
2383,69,4.0,1536502725
2384,69,5.0,1568212531
2385,69,5.0,1559649382
2386,69,4.0,1543825002
2387,69,4.0,1561199163
2388,69,3.0,1540525487
2389,69,4.0,1539506842
2390,69,5.0,1562487118
2391,69,5.0,1537676732
2392,69,5.0,1572540318
2393,69,5.0,1575118605
2394,69,5.0,1534509655
2395,69,4.0,1550516865
2396,69,3.0,1535303617
1883,69,3.0,1533627849
2397,69,5.0,1537251254
2398,70,4.0,1441214200
2399,70,5.0,1445524281
2400,70,4.0,1442503703
2401,70,5.0,1443453656
2402,70,1.0,1447783669
2403,70,4.0,1318331461
2404,70,4.0,1402207048
2405,70,1.0,1339305113
2406,70,3.0,1461252298
2407,70,4.0,1548353718
2408,70,4.0,1530861195
2409,70,5.0,1561133240
2410,70,4.0,1266982573
2411,70,5.0,1558881375
2412,71,5.0,1508855451
2413,71,2.0,1517493235
2414,71,5.0,1514522977
2415,71,5.0,1508956572
2416,71,4.0,1535042501
2417,71,4.0,1511031332
2418,71,4.0,1533397533
2419,71,2.0,1513615653
2420,71,2.0,1506908789
2421,71,1.0,1518324737
2422,71,4.0,1527596390
2423,71,4.0,1495894898
2424,71,5.0,1497772616
2425,71,5.0,1509019590
2426,71,4.0,1496935685
2427,71,5.0,1521273621
2428,71,3.0,1495864264
2429,71,4.0,1520174184
2430,71,3.0,1499609599
2431,71,5.0,1507995219
2432,71,4.0,1506083336
2433,71,5.0,1498751403
2434,71,4.0,1499706718
2435,71,4.0,1515869915
2436,71,5.0,1530287719
2437,71,5.0,1518436279
2438,71,4.0,1495985451
2439,71,5.0,1522995447
2440,71,5.0,1535190555
2441,71,5.0,1535222274
2442,71,5.0,1531405187
2443,71,4.0,1532797777
2444,71,4.0,1499059811
2445,71,4.0,1502247162
2446,71,4.0,1498984348
2447,71,4.0,1502526549
2448,71,3.0,1517895468
2449,71,5.0,1529580726
2450,71,3.0,1512484568
2451,71,5.0,1497013627
2452,71,5.0,1498991296
2453,71,4.0,1496074369
2454,71,5.0,1527388465
2455,71,4.0,1500087610
2435,71,5.0,1516991997
2456,71,1.0,1498761066
2457,71,4.0,1523192228
2458,71,1.0,1499099953
2459,71,5.0,1532366616
2460,71,5.0,1503331943
2461,72,1.0,1413046505
2462,72,5.0,1366432875
2463,72,5.0,1374150902
2464,72,5.0,1429537240
2465,72,3.0,1372689382
2466,72,1.0,1350659867
2467,72,2.0,1362552635
2468,72,4.0,1406461533
1744,72,5.0,1410111368
2469,72,2.0,1423997343
2470,72,1.0,1413500831
2471,73,4.0,1507660010
2472,73,4.0,1514559915
2473,73,5.0,1526716739
2474,73,5.0,1497775839
2475,73,4.0,1516979023
2476,73,1.0,1518771121
344,73,4.0,1506464915
2477,73,2.0,1522417223
2478,73,2.0,1510700748
2479,73,2.0,1527878321
2480,73,5.0,1504444143
2481,73,3.0,1510579591
2482,73,3.0,1535741669
2483,73,4.0,1519320093
2484,73,5.0,1555254051
97,73,3.0,1527856299
2485,73,5.0,1517221582
2486,73,5.0,1554635131
2487,73,2.0,1540119829
2488,73,4.0,1539594997
2489,73,4.0,1522761314
2490,73,5.0,1538891383
2491,73,3.0,1546603000
2492,73,5.0,1556768988
301,73,5.0,1506007464
2493,73,5.0,1549871942
80,73,3.0,1521292966
2494,73,5.0,1553191693
2495,73,5.0,1574954824
2496,73,3.0,1568358340
2497,74,4.0,1517480100
2498,74,3.0,1524832383
2499,74,4.0,1521117360
2500,74,4.0,1527515539
2501,74,5.0,1525867738
2502,74,4.0,1521254472
2503,74,5.0,1524931057
2504,74,4.0,1529414398
2505,74,1.0,1531060266
2506,74,2.0,1518288770
2507,74,5.0,1518335050
2508,74,5.0,1521818216
2509,74,4.0,1517577955
2510,74,5.0,1537900883
2511,74,1.0,1527579523
2512,74,4.0,1536995923
2513,74,5.0,1536078708
2514,74,5.0,1521860396
2515,74,5.0,1527659589
2516,74,4.0,1520226918
2517,74,2.0,1519490851
2518,74,4.0,1522934964
2519,74,5.0,1531849408
2520,74,5.0,1516643191
2521,74,3.0,1526734194
2522,74,4.0,1521971017
2523,74,4.0,1520237133
2524,74,4.0,1520417276
2525,74,2.0,1519572607
2526,74,2.0,1517674789
2527,74,5.0,1516782412
2528,74,5.0,1517645552
2529,74,5.0,1523908379
2530,74,4.0,1518544335
2531,74,5.0,1516694366
2532,74,5.0,1518593541
2533,74,5.0,1523957273
2534,74,4.0,1517677959
2535,74,3.0,1537972717
2536,74,3.0,1537169229
2537,74,5.0,1522910717
2538,74,4.0,1526917010
2539,74,4.0,1521300187
2540,74,5.0,1536065838
2541,74,5.0,1525179403
2542,74,1.0,1517040090
2543,74,4.0,1521460284
2544,74,5.0,1528722190
2545,74,5.0,1521963910
2546,74,5.0,1528696707
2547,75,4.0,1328349089
2548,75,4.0,1288640205
2549,75,4.0,1315454864
1522,75,4.0,1288538307
1819,75,5.0,1247596252
2550,75,5.0,1284292704
2551,75,5.0,1295803770
2552,75,4.0,1326679943
2553,75,5.0,1242031760
2554,75,5.0,1310446386
2555,75,4.0,1323702246
2342,75,5.0,1319306311
76,75,4.0,1300351649
2556,76,5.0,1527507504
2557,76,4.0,1486637015
2558,76,5.0,1465649899
2559,76,5.0,1511014642
2560,76,5.0,1501345984
2561,76,3.0,1532763014
2562,76,5.0,1468678066
2563,76,5.0,1536350750
2564,76,5.0,1479992054
2565,76,4.0,1459662177
2566,76,5.0,1511633661
2567,76,4.0,1504525525
2568,76,5.0,1486202700
2569,76,5.0,1516819816
2570,76,5.0,1481553179
2571,76,4.0,1506515137
2572,76,5.0,1506434004
2573,76,5.0,1495307811
2574,76,5.0,1530605939
1976,76,4.0,1454854453
2575,76,5.0,1499973049
2571,76,5.0,1499330987
2576,76,3.0,1528449392
573,76,5.0,1508589720
2577,76,4.0,1518204682
697,76,4.0,1482071314
2576,76,5.0,1509811657
2578,76,5.0,1530959573
2579,76,4.0,1524504749
2580,76,1.0,1534423815
2581,76,5.0,1536519522
2582,76,5.0,1524565197
2579,76,5.0,1540653416
2582,76,5.0,1542262975
2583,76,5.0,1508618149
2584,76,4.0,1511957280
2579,76,5.0,1543337147
2585,76,1.0,1545924444
2586,76,2.0,1548001293
2587,76,4.0,1488482178
2588,76,5.0,1454172820
2589,76,5.0,1485789144
2590,76,5.0,1558701348
597,77,4.0,1386652720
2591,77,5.0,1486741240
2592,77,4.0,1499754024
2593,77,4.0,1408190939
2594,77,4.0,1491086813
2595,77,4.0,1415288256
2596,77,5.0,1385916206
2597,77,1.0,1537441419
2598,77,1.0,1533197454
2599,77,5.0,1441631797
2600,77,5.0,1453720991
579,77,5.0,1552912182
2601,77,5.0,1573628007
2602,77,5.0,1571048154
2603,78,3.0,1515518581
2604,78,1.0,1445677440
277,78,2.0,1352664482
2605,78,4.0,1517654341
2606,78,4.0,1390071970
2607,78,5.0,1490733561
654,78,5.0,1475434120
2608,78,5.0,1526149615
2609,78,4.0,1503078162
2610,78,2.0,1455470606
2611,78,1.0,1416150498
2612,78,3.0,1448180309
2613,78,5.0,1491826743
2614,78,2.0,1470485101
2615,78,5.0,1419191562
2616,78,4.0,1469891857
2617,78,4.0,1409326280
2618,78,5.0,1436378583
2619,78,3.0,1460879688
2620,78,1.0,1366451635
2621,78,4.0,1408112717
2622,78,5.0,1440579539
2623,78,2.0,1409416369
2624,78,4.0,1498991590
2625,78,4.0,1453650484
2626,78,1.0,1535296327
2627,78,3.0,1435665139
2628,78,3.0,1438709451
2629,78,3.0,1468076344
2630,78,3.0,1485037016
2631,78,4.0,1511728802
2632,78,4.0,1504550568
2633,78,2.0,1433425479
2617,78,1.0,1516377410
2634,78,1.0,1477338946
2635,78,5.0,1416576469
2636,78,4.0,1529855277
2637,78,5.0,1483205172
2638,78,4.0,1450456389
2639,78,4.0,1354341618
2640,78,4.0,1419802972
2641,78,4.0,1492346732
27,78,1.0,1441536346
2642,78,4.0,1511878663
2643,78,5.0,1363289265
2644,78,4.0,1534936604
2645,78,5.0,1536194770
2646,78,5.0,1517671643
348,78,5.0,1494881002
2647,78,3.0,1380369693
2648,79,5.0,1450642277
2649,79,3.0,1349716898
2650,79,3.0,1504234798
2651,79,5.0,1402825236
2652,79,4.0,1421057684
2653,79,5.0,1415376519
2654,79,2.0,1423309664
2655,79,3.0,1468343444
1704,79,5.0,1365568898
725,79,4.0,1472098152
2656,79,4.0,1441816432
2657,79,1.0,1358936310
2658,80,5.0,1513446534
1704,80,4.0,1460563921
2659,80,4.0,1487535520
2660,80,3.0,1467640353
344,80,4.0,1507154255
352,80,3.0,1506262442
2661,80,1.0,1454527848
2662,80,4.0,1489919534
1902,80,5.0,1403177314
2663,80,1.0,1494410908
2664,80,2.0,1506670332
2665,80,4.0,1451768787
2666,80,4.0,1499447505
2667,80,5.0,1542738609
2668,80,5.0,1468598556
1322,80,2.0,1561195471
2669,81,5.0,1382636916
2670,81,5.0,1497765328
2671,81,5.0,1350643304
2672,81,5.0,1476639698
2673,81,5.0,1445105078
2674,81,5.0,1465069136
2675,81,5.0,1499187321
2676,81,5.0,1292397675
2677,81,5.0,1524306376
2678,81,3.0,1396132533
2679,81,3.0,1305615612
2680,81,3.0,1351960329
2681,82,3.0,1432590428
2682,82,3.0,1384611973
2683,82,3.0,1398025256
2684,82,1.0,1419192049
2685,82,1.0,1416123944
2686,82,5.0,1413368093
2687,82,1.0,1429458776
2688,82,5.0,1409333388
2689,82,2.0,1423216489
2690,82,5.0,1420907949
2691,82,1.0,1387559991
2692,82,1.0,1419492430
2691,82,1.0,1387559876
2693,82,5.0,1420798285
2694,82,5.0,1425148665
2695,82,3.0,1387535226
2696,82,5.0,1429982545
2697,82,1.0,1442570364
2698,82,1.0,1419595128
2699,82,5.0,1409333433
2700,82,5.0,1388086648
2304,82,3.0,1421467165
2701,82,4.0,1388932758
2702,82,1.0,1438020414
2703,82,2.0,1402487737
2704,83,5.0,1456254139
2705,83,4.0,1434959035
2706,83,5.0,1384597164
2707,83,5.0,1413083594
2708,83,5.0,1408966385
2709,83,5.0,1394814634
2710,83,1.0,1457445070
2711,83,1.0,1384755532
2712,83,3.0,1418933055
2713,83,1.0,1472379682
2714,83,4.0,1460554767
2715,83,5.0,1406726532
2716,83,5.0,1396531932
1577,83,2.0,1402832740
2717,83,5.0,1398335114
2718,83,5.0,1456418091
2719,83,4.0,1390286931
2720,83,4.0,1405355522
2721,83,5.0,1394965921
2722,83,5.0,1410701576
2723,83,4.0,1386776250
1402,83,4.0,1405873886
2724,83,4.0,1429599800
2725,83,4.0,1410585855
2726,83,5.0,1471422489
2727,83,5.0,1385450480
2728,83,3.0,1408202623
2729,83,4.0,1437588951
2730,83,3.0,1383465869
2731,83,2.0,1447601123
2732,83,3.0,1423293477
2733,83,5.0,1428771706
2734,83,2.0,1387526883
2735,83,5.0,1428592666
1420,83,4.0,1451556029
2736,83,4.0,1383769597
2737,83,1.0,1419433599
2738,83,4.0,1436789913
2739,83,4.0,1396790882
2740,83,4.0,1434442130
2741,83,5.0,1417860054
2742,83,5.0,1458998402
2743,83,4.0,1444797630
2744,83,3.0,1436625405
2745,83,3.0,1422388972
2746,83,2.0,1404916125
267,83,1.0,1449923473
2747,83,5.0,1404831768
2733,83,5.0,1407408238
2748,83,4.0,1384012628
2749,84,4.0,1306476991
2750,84,1.0,1282321372
2751,84,1.0,1410333541
2752,84,5.0,1320299988
2753,84,4.0,1303979157
1780,84,5.0,1350510118
841,84,3.0,1350644378
161,84,5.0,1379781384
161,84,4.0,1333633134
102,84,4.0,1312806391
877,84,4.0,1339149836
2754,84,5.0,1304591855
2755,84,1.0,1357676874
2756,84,1.0,1356770687
878,84,3.0,1341577302
99,84,3.0,1340297572
2757,84,4.0,1321873889
2758,84,5.0,1347108240
931,84,4.0,1299609333
2759,85,4.0,1547284670
2760,85,2.0,1551481583
2761,85,4.0,1547977803
2762,85,5.0,1554132787
2763,85,5.0,1547393064
2764,85,4.0,1553409325
2765,85,5.0,1574176432
2766,85,2.0,1555344238
2767,85,3.0,1556653601
2768,85,5.0,1560525277
2769,85,5.0,1560404067
2770,85,4.0,1567502695
243,85,4.0,1547215919
2771,85,5.0,1554546191
2772,85,1.0,1547639981
2773,85,5.0,1561290024
2774,85,5.0,1547140547
2775,85,5.0,1568384671
2776,85,5.0,1552661765
2777,85,1.0,1560504323
2778,85,5.0,1574577601
2778,85,5.0,1564513579
2779,85,5.0,1566378465
2780,85,1.0,1575991241
2781,86,5.0,1507661811
2782,86,5.0,1525034695
2783,86,2.0,1507727598
2784,86,4.0,1454323763
2785,86,4.0,1331228135
349,86,4.0,1500703615
2786,86,3.0,1462869656
61,86,2.0,1496101707
2787,86,3.0,1378874900
2788,86,5.0,1438360104
2789,86,1.0,1413735586
2790,86,4.0,1471270266
2791,86,4.0,1510424290
2792,86,5.0,1511530371
2793,86,3.0,1442513465
2794,86,5.0,1498223429
2795,86,3.0,1446456829
2342,86,4.0,1319654778
208,86,3.0,1373213210
2796,86,1.0,1341634723
2797,86,4.0,1529076118
2798,86,1.0,1416321892
2799,86,4.0,1477385368
2800,86,2.0,1537717168
653,86,4.0,1496658107
2801,86,5.0,1541100485
2802,86,3.0,1543296229
2803,86,5.0,1511890728
2804,86,1.0,1419525199
2805,86,4.0,1530694987
2806,86,3.0,1481218012
2807,86,4.0,1567272954
2808,86,1.0,1574546946
2809,86,1.0,1467115370
2810,86,2.0,1437087365
2811,86,1.0,1432539943
2812,86,1.0,1432004564
2813,86,3.0,1562728159
2814,87,5.0,1535939551
2815,87,5.0,1528546496
2816,87,5.0,1531159952
2817,87,4.0,1537904488
2818,87,1.0,1531911101
2819,87,5.0,1535145366
2820,87,5.0,1531150060
2821,87,5.0,1533479200
2822,87,5.0,1528834851
2823,87,2.0,1532001472
2824,87,5.0,1530208733
2825,87,5.0,1527860217
2826,87,5.0,1530158604
2827,87,5.0,1529772976
2828,87,5.0,1535762707
2829,87,3.0,1535555564
2830,87,5.0,1538331617
2831,87,3.0,1538322119
2832,87,1.0,1527169615
2833,87,5.0,1529865624
2834,87,1.0,1526459118
2835,87,4.0,1534870281
2836,87,5.0,1530550520
2837,87,1.0,1534934703
2838,87,5.0,1527105406
2839,87,5.0,1525261831
2840,87,5.0,1527012525
2841,87,5.0,1534971953
2842,87,5.0,1536778239
2843,87,5.0,1527161938
2844,87,5.0,1543842188
2845,87,5.0,1537731958
2846,87,5.0,1523988465
2847,87,5.0,1525458988
2848,87,5.0,1533213837
2849,87,5.0,1543878510
2850,87,5.0,1524676291
2851,87,1.0,1534935025
2852,87,5.0,1530519756
2853,87,5.0,1536843312
2259,87,5.0,1525957189
2854,87,4.0,1531311546
2855,87,4.0,1541167715
2856,87,5.0,1537896732
2857,87,5.0,1526640319
2858,87,5.0,1526144127
2859,87,1.0,1546246899
2860,87,5.0,1539194589
2861,87,5.0,1529348714
2862,87,5.0,1537959738
2863,88,4.0,1543663266
2864,88,3.0,1546681265
2865,88,5.0,1538819534
2866,88,4.0,1555665736
2867,88,5.0,1545036205
2868,88,5.0,1548486597
2869,88,5.0,1539793013
2870,88,5.0,1543333525
2871,88,4.0,1547421681
2872,88,5.0,1549884247
2873,88,5.0,1538461297
2874,88,5.0,1545129172
2875,88,5.0,1554315786
2876,88,5.0,1539372993
2877,88,4.0,1541266552
2878,88,5.0,1538594900
2879,88,3.0,1541097711
2880,88,5.0,1540639685
2881,88,4.0,1543874551
2882,88,5.0,1538324423
2883,88,5.0,1541610117
2884,88,5.0,1546945708
2885,88,5.0,1537729256
2886,88,5.0,1539259290
2887,88,5.0,1548322198
2888,88,5.0,1543599650
2889,88,5.0,1540038674
2890,88,4.0,1549033312
2891,88,4.0,1540032914
2892,88,5.0,1538637294
2893,88,5.0,1540385810
2894,88,5.0,1543049722
2895,88,5.0,1543604851
2896,88,5.0,1541328700
2897,88,5.0,1545932639
2898,88,5.0,1538589133
2899,88,3.0,1553449295
2900,88,5.0,1540402471
2901,88,2.0,1541790944
2902,88,5.0,1537781390
2903,88,4.0,1546139668
2904,88,3.0,1552143988
2905,88,5.0,1543751303
2906,88,4.0,1544352321
2907,88,5.0,1548422209
2908,88,5.0,1550948574
2909,88,5.0,1540235403
2910,88,5.0,1539954684
2911,88,4.0,1539066767
2912,88,5.0,1539984394
2913,89,4.0,1515512223
2914,89,2.0,1473323786
2915,89,5.0,1470490561
2916,89,4.0,1470529886
2917,89,5.0,1490705375
2918,89,3.0,1488711928
2919,89,5.0,1470574699
2920,89,5.0,1515785568
2921,89,5.0,1470403442
2922,89,3.0,1470649133
2923,89,4.0,1517758936
2924,89,5.0,1470519662
2925,89,1.0,1471436209
418,89,1.0,1471356468
2926,89,4.0,1471552921
2927,89,4.0,1490017272
2928,89,5.0,1480279962
2929,89,4.0,1509295058
2930,89,5.0,1474656031
2931,89,5.0,1497970991
2932,89,2.0,1471595734
2933,89,2.0,1533839952
2934,89,1.0,1486391238
1146,89,3.0,1476123812
2935,89,1.0,1522052464
2936,89,5.0,1493391584
2879,89,1.0,1545079905
2937,89,5.0,1503938639
2938,89,2.0,1480762347
2939,89,5.0,1537115242
2940,89,5.0,1556558029
2941,89,5.0,1495447239
2942,89,5.0,1488220649
2943,89,5.0,1470837366
2944,89,2.0,1551895469
2945,89,5.0,1534757195
2946,89,5.0,1517518132
2920,89,5.0,1530794562
2947,89,5.0,1534102103
2948,89,4.0,1542679478
2949,89,5.0,1520766947
2950,89,1.0,1472725922
2951,89,5.0,1484581745
2946,89,5.0,1551000573
2952,89,5.0,1547631342
2953,89,1.0,1473062474
2954,89,5.0,1522311096
2955,89,1.0,1470574060
2956,89,5.0,1504211754
412,89,4.0,1547119576
2957,90,5.0,1366220312
2958,90,1.0,1374256899
2959,90,4.0,1380176633
2960,90,4.0,1290243119
2961,90,5.0,1299247557
2962,90,1.0,1460304759
2963,90,4.0,1447847364
575,90,2.0,1537722499
2964,90,1.0,1544290466
2965,90,1.0,1352044482
2966,90,5.0,1498409354
2967,90,5.0,1542442088
2968,90,5.0,1521363551
2969,91,5.0,1518298724
2970,91,4.0,1494700130
2971,91,2.0,1476437987
2972,91,5.0,1482502568
2973,91,5.0,1511184055
2386,91,4.0,1533660393
2974,91,5.0,1479108804
2975,91,1.0,1506102843
739,91,4.0,1523190367
2976,91,5.0,1532411495
739,91,4.0,1518163609
2977,91,5.0,1488475545
725,91,5.0,1499983735
2978,91,4.0,1501513795
2979,91,4.0,1500993101
2980,91,5.0,1511546313
2981,91,4.0,1510728534
2982,91,5.0,1520966705
2983,91,4.0,1538741216
2984,91,3.0,1543776745
2985,91,4.0,1546877946
2986,91,5.0,1485963550
2987,91,4.0,1552156381
38,91,4.0,1558076615
2988,91,5.0,1548498844
2989,91,5.0,1573293636
2989,91,4.0,1519555243
2990,91,5.0,1475213237
2991,91,2.0,1553421612
2386,91,5.0,1535652314
2992,91,5.0,1566833969
2993,92,5.0,1456222650
2994,92,5.0,1504926210
2995,92,5.0,1484397011
2996,92,5.0,1457290670
2997,92,5.0,1490557596
2998,92,1.0,1465646900
2999,92,5.0,1462558340
3000,92,5.0,1466609632
3001,92,5.0,1470232084
3002,92,4.0,1513355388
3003,92,5.0,1484408533
3004,92,5.0,1457294350
3005,92,5.0,1464698735
3006,92,5.0,1492621184
3007,92,4.0,1492602808
3008,92,5.0,1463681958
3009,92,5.0,1465644940
3010,92,5.0,1501268354
3011,92,5.0,1503953493
3012,92,3.0,1479794994
3013,92,5.0,1500400603
3014,92,5.0,1478790090
3015,92,5.0,1462558500
3016,92,3.0,1471025757
3017,92,5.0,1516553372
3018,92,5.0,1463683300
3019,92,5.0,1465750517
3020,92,5.0,1461410079
3021,92,5.0,1475268475
3022,92,5.0,1506013543
413,92,5.0,1501417192
3023,92,4.0,1467566278
3024,92,5.0,1473255692
3025,92,5.0,1513443519
3026,92,5.0,1508952780
3027,92,5.0,1461521614
3028,92,5.0,1484585945
3029,92,5.0,1460391202
3030,92,5.0,1511099688
3031,92,5.0,1465715513
3032,92,5.0,1471019208
3033,92,5.0,1504087892
3034,92,5.0,1463825114
3035,92,3.0,1465789382
3036,92,5.0,1475334340
3037,92,4.0,1497807325
3038,92,5.0,1493669858
3039,92,5.0,1475341932
3040,92,5.0,1462660478
3041,92,5.0,1529488107
3042,93,4.0,1378328647
3043,93,4.0,1399789328
3044,93,3.0,1372365765
3045,93,4.0,1368718099
3046,93,5.0,1398801625
3047,93,4.0,1396700057
3048,93,4.0,1387380533
3049,93,4.0,1383665827
3050,93,4.0,1374085653
3051,93,4.0,1394037484
3052,93,5.0,1402151249
3053,93,4.0,1431087063
3054,94,2.0,1522847838
3055,94,1.0,1510070633
3056,94,3.0,1500757484
3057,94,4.0,1516040880
3058,94,5.0,1501843433
3059,94,2.0,1506157197
3060,94,4.0,1499012525
3061,94,4.0,1515087414
3062,94,3.0,1515172557
3063,94,5.0,1500306757
2613,94,4.0,1531662484
3064,94,3.0,1504268918
3065,94,1.0,1531146533
3066,94,4.0,1573051550
3067,94,1.0,1529838619
3068,94,1.0,1501005600
3069,95,5.0,1461347593
3070,95,5.0,1473105538
3071,95,5.0,1456235772
3072,95,5.0,1462701759
3073,95,5.0,1461570745
3074,95,2.0,1473328743
3075,95,5.0,1478982424
3076,95,5.0,1455527027
3077,95,5.0,1485691621
3078,95,5.0,1478982102
3079,95,4.0,1457546164
3080,95,5.0,1474545101
3081,95,2.0,1475442489
3082,95,2.0,1460645527
3083,95,2.0,1467999355
3084,95,5.0,1480262945
3085,95,5.0,1464975783
3086,95,5.0,1456589719
3087,95,3.0,1468100788
3088,95,5.0,1480262729
3089,95,1.0,1477156479
815,95,2.0,1456887216
3090,95,5.0,1476294766
3091,95,3.0,1474964406
3092,95,5.0,1455036638
3093,95,5.0,1455976879
3094,95,4.0,1494159306
3095,95,5.0,1466451328
3096,95,4.0,1461089308
3097,95,4.0,1463327868
3098,95,1.0,1460136059
3099,95,2.0,1468424965
3100,95,1.0,1492200450
3101,95,3.0,1459092322
2877,95,4.0,1464949047
3102,95,4.0,1474061367
3103,95,3.0,1492439996
3104,95,3.0,1462438584
2911,95,4.0,1458763179
3105,95,4.0,1466810622
3106,95,1.0,1459273507
3107,96,4.0,1340714909
3108,96,5.0,1274636112
3109,96,4.0,1329070441
770,96,5.0,1460733299
772,96,4.0,1345622712
3110,96,5.0,1318011994
3111,96,4.0,1370614421
3112,96,4.0,1470923101
3110,96,3.0,1358339076
740,96,3.0,1504761495
3113,96,5.0,1344580641
3114,96,4.0,1261323551
3115,96,5.0,1437927673
3116,96,5.0,1476782676
3117,96,4.0,1314557552
3118,97,4.0,1325583595
3119,97,5.0,1376598542
3120,97,5.0,1242859361
3121,97,4.0,1316959824
3122,97,5.0,1382615540
3123,97,4.0,1365799148
3124,97,5.0,1368089756
3125,97,4.0,1263059604
3126,97,5.0,1228508530
3127,97,5.0,1322831664
3128,97,5.0,1380910287
3129,97,1.0,1421683783
3130,97,3.0,1380963461
3131,97,5.0,1286564810
1232,97,1.0,1338380505
3132,97,5.0,1179819540
3133,97,2.0,1384533447
3134,97,4.0,1314471393
3135,97,5.0,1375905180
3136,97,5.0,1249668650
3137,97,5.0,1368427579
1227,97,4.0,1317828182
3138,97,4.0,1282955684
3139,97,5.0,1330907598
3140,97,5.0,1301147184
3141,97,2.0,1263644223
3142,97,4.0,1341162158
3143,97,5.0,1376689251
3144,97,5.0,1244116614
3145,97,2.0,1368466074
3146,97,5.0,1211550422
3147,97,5.0,1382729520
3148,97,4.0,1370354330
3149,97,5.0,1396558839
3150,97,5.0,1304356624
3151,97,4.0,1381837727
3152,97,4.0,1342946681
3153,97,4.0,1309615139
3154,97,2.0,1298207867
3155,97,5.0,1359562889
3156,97,5.0,1386783639
3157,97,3.0,1347968453
3158,97,4.0,1350067595
3159,97,4.0,1323768794
3160,97,1.0,1381407672
3161,97,5.0,1366219740
3162,97,2.0,1312569369
3163,97,3.0,1279388559
3164,97,5.0,1321127540
3165,97,4.0,1263996497
3166,98,5.0,1561629758
3167,98,5.0,1559260924
3168,98,5.0,1569059029
3169,98,5.0,1559578945
3170,98,5.0,1558361200
3171,98,5.0,1573147923
3172,98,1.0,1575268145
3173,98,5.0,1567405676
3174,98,5.0,1569421946
3175,98,5.0,1567222789
3176,98,5.0,1564801042
3177,98,5.0,1563953841
3178,98,5.0,1557927160
3179,98,5.0,1559814867
3180,98,2.0,1565947397
3181,98,5.0,1566748302
3182,98,5.0,1563090886
3183,98,4.0,1564315010
3184,98,5.0,1569835689
3185,98,5.0,1565623222
3186,98,5.0,1558060307
3187,98,5.0,1574413015
3188,98,3.0,1570182586
3189,98,5.0,1561913422
3190,98,4.0,1568131081
3191,98,5.0,1563712624
3192,98,5.0,1569921419
3193,98,5.0,1570891856
327,98,3.0,1572413901
3194,98,5.0,1562776227
3195,98,4.0,1562409550
3196,98,5.0,1558189131
3197,98,4.0,1570132697
3198,98,5.0,1573063896
3199,98,5.0,1559456015
3200,98,4.0,1563362526
3201,98,5.0,1564317492
3202,98,5.0,1569678076
3203,98,5.0,1568474582
3204,98,5.0,1558189793
3205,98,3.0,1567842080
3206,98,5.0,1564410500
3207,98,5.0,1571290209
3208,98,5.0,1573377454
3209,98,4.0,1559028914
3210,98,5.0,1561707575
3211,98,5.0,1561090163
3212,98,5.0,1575719976
3211,98,4.0,1562162662
3213,98,5.0,1558278467
3214,99,5.0,1402607348
3215,99,4.0,1431487977
3216,99,5.0,1424113616
3217,99,5.0,1439301046
3218,99,1.0,1381084389
3219,99,3.0,1448271077
3220,99,5.0,1422105046
3221,99,5.0,1435570435
3222,99,4.0,1435236407
3223,99,1.0,1430986871
3224,99,4.0,1497029822
3225,99,5.0,1378197296
1044,99,4.0,1399019389
3226,99,5.0,1428772398
